0971C,950101008-020,31,34,細川内閣の時、予算編成をやった閣僚が予算成立を図るべきだ,と言って,改造に反対した経緯がある。,逆接確定
0811Q,950101010-013,11,12,しかし、それは表面的な,もので,、実態は自信を喪失するとともに、レゾンデートルを求めて揺れる姿が透けて見えます。,理由
0811M,950101010-013,11,12,しかし、それは表面的な,もので,、実態は自信を喪失するとともに、レゾンデートルを求めて揺れる姿が透けて見えます。,理由
2661T,950101010-019,139,140,銀行、証券、生・損保生・損保生・損保など金融機関は「ある日突然に日本から株式市場が消える悪夢を見る」と訴え、政府・日銀が「金融秩序維持のため」に発動した信用組合救済銀行の設立も、「バブルに踊った“悪徳”金融機関の救済に税金を使うことに閣僚からも批判が出ているが、ヘタをすると大変な,ことに,なる。そうなったら国家的犯罪ですよ」とまで危惧するのです。,強調
0731Q,950101010-028,9,10,転換期を乗り切る,ために,ただちに打つべき手は何なのか、がようやく見えてくるのです。,理由
0811Q,950101041-003,22,23,政治混乱に業を煮やした市民たちが勝手に作った,ものだ,が、新聞やテレビにニュースが流れると毎日千件近い電話が殺到するという関心の高さを示している。,理由
0811M,950101041-003,22,23,政治混乱に業を煮やした市民たちが勝手に作った,ものだ,が、新聞やテレビにニュースが流れると毎日千件近い電話が殺到するという関心の高さを示している。,理由
2951P,950101053-009,26,27,十二月に訪台したペニャ運輸長官は「中台直行実現の,際に,は参入させてほしい」と注文をつけた。,状況
0611Q,950101054-001,37,39,米通商代表部は３１日、知的所有権保護問題で中国が十分な改善策を示さなかった,とし,て、総額２８億ドルの制裁を通告した。,順接仮定
0612Q,950101054-001,37,39,米通商代表部は３１日、知的所有権保護問題で中国が十分な改善策を示さなかった,とし,て、総額２８億ドルの制裁を通告した。,順接確定
1071Q,950101060-005,28,29,土谷氏自身、「素材とイメージの距離をうめることなしに、,ものを,作ってみたい」といっていることであり、鉄や木や石の生の状態を保ちながら、表現に直結してくるかたちをとろうとろうとするものである。,想外
1071M,950101060-005,28,29,土谷氏自身、「素材とイメージの距離をうめることなしに、,ものを,作ってみたい」といっていることであり、鉄や木や石の生の状態を保ちながら、表現に直結してくるかたちをとろうとろうとするものである。,想外
1212M,950101061-003,20,23,横尾忠則が毎日芸術賞を受賞した,ということ,で、この賞の哲学が明快に表現された。,伝聞
0811Q,950101061-011,29,30,それはコンピューター表現のマンネリズムを見事に打破した,ものだっ,た。,理由
0811M,950101061-011,29,30,それはコンピューター表現のマンネリズムを見事に打破した,ものだっ,た。,理由
2661T,950101061-015,58,59,デザインに私的な個人感情を持ち込むことを創作理念にしていたので、このような反デザイン行為に大きな賞を与えられた,ことに,驚いています。,強調
0731Q,950101067-009,16,17,一層の努力をもって音楽界発展の,ために,尽くす所存です。,理由
1111Q,950101068-004,58,63,師である楠部彌弌の後の担い手としては当然のことであったといえるが、楠部さんが彩挺という艶麗な装飾法を駆使した,のに対して,、今井さんの装飾法は決して色彩的ではなく、精緻な象嵌技術によって自由に文様を表現して、独自の作風を打ち立てたのであった。,対比
1111Q,950101068-004,58,62,師である楠部彌弌の後の担い手としては当然のことであったといえるが、楠部さんが彩挺という艶麗な装飾法を駆使した,のに対し,て、今井さんの装飾法は決して色彩的ではなく、精緻な象嵌技術によって自由に文様を表現して、独自の作風を打ち立てたのであった。,対比
0971C,950101069-004,33,36,昨秋の公演で朗読した「たけくらべ」は、ほとんどその頂点をしめすものであった,といって,いい。,逆接確定
2051M,950101069-013,8,9,だれもやらなかった,ことで,ある。,推量
1212M,950101069-014,32,35,散文の根っこを掘りかえし掘りかえしてみたら、水分がたっぷりあった、,ということ,だと思う。,伝聞
0611Q,950101071-006,43,45,一昨年末の人口は八万七千七千人だったが、人口増加率は全国一位で、すでに十万人を突破した,とさ,れる。,順接仮定
0612Q,950101071-006,43,45,一昨年末の人口は八万七千七千人だったが、人口増加率は全国一位で、すでに十万人を突破した,とさ,れる。,順接確定
0981Q,950101071-012,19,22,九三、九四年も、総数がやや減少した,とはいえ,、同じ傾向が続く。,逆接確定
1121Q,950101073-049,16,19,乳児と一緒に寝かされ、母親の,代わりに,深夜、何度もミルクを与えるといった例まである。,対比
2661T,950101074-041,39,40,８６年の同データによれば、外国人居住者数は１６万８４００人、８年で倍増した,ことに,なる。,強調
2011M,950101077-023,40,42,加藤「もう潔く行くしかないと思って攻めました。中原さんは分かっていた,のでしょう,でしょう。指した瞬間、投了されましたから」。,推量
1071Q,950101083-004,9,10,また、足袋も化繊の,ものを,用意し、洗濯が簡単にできるようにするのもアイデアです。,想外
1071M,950101083-004,9,10,また、足袋も化繊の,ものを,用意し、洗濯が簡単にできるようにするのもアイデアです。,想外
1071Q,950101119-003,47,48,目撃者によると、現場付近にいた十五、六五、六五、六歳ぐらいの少年約十人のうち一人一人が、火のついた,物を,ポストの中に投げ込んだという。,想外
1071M,950101119-003,47,48,目撃者によると、現場付近にいた十五、六五、六五、六歳ぐらいの少年約十人のうち一人一人が、火のついた,物を,ポストの中に投げ込んだという。,想外
2011M,950101134-003,8,10,「いつも唐突な,んです,。大丈夫、ちょっとそこに行ってくる、という感じで言うんです」,推量
2011M,950101134-025,38,40,「子育てに追いまくられていて、夫のことをあんまり心配に思ったりする余裕はなかった,んです,。それがかえってよかったのかもしれません」。,推量
2021M,950101134-025,52,59,「子育てに追いまくられていて、夫のことをあんまり心配に思ったりする余裕はなかったんです。それがかえってよかったの,かもしれません,」。,推量
2021M,950101134-025,52,53,「子育てに追いまくられていて、夫のことをあんまり心配に思ったりする余裕はなかったんです。それがかえってよかったの,かも,しれません」。,推量
0731Q,950101136-012,17,18,当時、遠出を計画しても女子大の,ために,家族に反対される部員が多かった。,理由
2011M,950101143-016,21,23,「ザ・カップは少しだけ長旅に出ていた,のです,」と振り返ったコナーだったが、この大会にバートランドは出場していなかった。,推量
2011M,950101151-001,31,33,「アメリカズカップは、ダーウィンの法則に基づいた『進化論』な,んです,。弱者がとうたされて、強いものだけが残る、ということですよ」。,推量
0811Q,950101162-021,29,30,民族衣装で観光客に物ごいする子供たちの姿も、これまでなかった,ものだ,。,理由
0811M,950101162-021,29,30,民族衣装で観光客に物ごいする子供たちの姿も、これまでなかった,ものだ,。,理由
2671T,950101165-009,13,15,遠い過去のこと、とするには,あまりに,重い負債。,強調
1212M,950103008-022,15,18,あるとすれば、制度が変わった,ということ,しかない。,伝聞
0731Q,950103008-058,7,8,日本の政治の,ために,よくない。,理由
0971C,950103008-067,15,18,内閣不信任案を提出したから,といって,通るという確信があるわけではない。,逆接確定
1011Q,950103008-067,13,18,内閣不信任案を提出した,からといって,通るという確信があるわけではない。,逆接確定
0681Q,950103008-068,7,10,政治は本物で,なくては,ならない。,順接必要
0681Q,950103008-068,7,9,政治は本物で,なくて,はならない。,順接必要
0681M,950103008-068,7,10,政治は本物で,なくては,ならない。,順接必要
0681M,950103008-068,7,9,政治は本物で,なくて,はならない。,順接必要
1551M,950103008-068,7,14,政治は本物で,なくてはならない,。,当為
1212M,950103008-070,18,21,懸案を一時しのぎとして処理した、,ということ,で、このままいけば日本の将来に禍根を残してしまう。,伝聞
1081Q,950103013-011,20,21,ちなみに九三年の衆院選では、立候補者の二,割に,当たる百八十八十七人の得票数が没収点に届かなかった。,想外
0811Q,950103019-010,70,71,取りまとめが一番最後になった自民党の党基本問題調査会幹部は「他党他党と似ていると言われても……」と当惑するが、「相談する学者も似たような,ものだ,し、ある意味で仕方がない」とブレーンが“共通”したことを告白する。,理由
0811M,950103019-010,70,71,取りまとめが一番最後になった自民党の党基本問題調査会幹部は「他党他党と似ていると言われても……」と当惑するが、「相談する学者も似たような,ものだ,し、ある意味で仕方がない」とブレーンが“共通”したことを告白する。,理由
0731Q,950103029-003,98,99,この日の平壌放送の発表が注目されたのは、昨年末、朝鮮中央テレビがＮＨＫに「一日一日、ニュース映像を送りたい」と申し入れ、二カ月も公式の席に登場していない金書記の健康不安説一掃の,ために,も、金書記自身の新年の辞が行われるのでは、との観測があったからだ。,理由
0811Q,950103029-005,36,37,共同社説は故金主席の功績をたたえて、金書記の下での団結を強調した,ものだ,が、北朝鮮高官は最近「朝鮮人民の慣習では、服喪は三年間」と相次いで発言、当面、正式継承発表がないことを示唆している。,理由
0811M,950103029-005,36,37,共同社説は故金主席の功績をたたえて、金書記の下での団結を強調した,ものだ,が、北朝鮮高官は最近「朝鮮人民の慣習では、服喪は三年間」と相次いで発言、当面、正式継承発表がないことを示唆している。,理由
2661T,950103029-009,64,65,それだけに、故金主席の追悼大会で、金永南外相が金書記の委任を受けて追悼の辞を読んだようなスタイルさえもとられなかった,ことに,は、疑問も残る。,強調
0811Q,950103048-002,36,37,プラチナ・ギルド・インターナショナルが全国の１９１人を対象に調査した,もので,、成人式に次いで多かったのが「誕生日」。,理由
0811M,950103048-002,36,37,プラチナ・ギルド・インターナショナルが全国の１９１人を対象に調査した,もので,、成人式に次いで多かったのが「誕生日」。,理由
1071Q,950103056-006,39,40,タスキを受け取ると、一万メートル２８分７秒９４という国内トップクラスのスピードに,ものを,いわせて見えないライバルを追走。,想外
1071M,950103056-006,39,40,タスキを受け取ると、一万メートル２８分７秒９４という国内トップクラスのスピードに,ものを,いわせて見えないライバルを追走。,想外
2011M,950103081-016,15,17,「新しい一ページが開かれた,んです,」とは、そのときに監督を務めていた石井常務の言葉。,推量
0811Q,950103087-003,24,25,「４５文字ニュース」はニュースの要点をまとめた,もので,、「スポーツ館」ではスポーツドラマを、「宝くじ当選情報」では、いつでも当選番号を確認できる。,理由
0811M,950103087-003,24,25,「４５文字ニュース」はニュースの要点をまとめた,もので,、「スポーツ館」ではスポーツドラマを、「宝くじ当選情報」では、いつでも当選番号を確認できる。,理由
2651M,950103090-005,49,52,同被告の容疑は、前妻や娘を含む十二人の女性を殺し、自宅の庭、地下室などにコンクリートで埋め込んだ,というもの,。,強調
2951P,950103095-007,52,53,警察当局によると、この化合物はサリン発生後、土中に残留する物質で、また、この化合物の一種は、サリン生成の,際に,もできるが、自然に生成することはないという。,状況
2661T,950103107-005,40,41,一日一日、実兄宅に電話で新年のあいさつをしようしようとしたところ、兄嫁に冷たくされた,ことに,腹を立てたらしい。,強調
2021M,950103141-020,29,30,関係者は「“関空効果”で大阪の集客力が増えたの,かも,」と分析している。,推量
0611Q,950104005-003,39,41,ロシア側はこれらの情報を否定し、逆にチェチェン側の外国人雇い兵を捕らえた,とし,ている。,順接仮定
0612Q,950104005-003,39,41,ロシア側はこれらの情報を否定し、逆にチェチェン側の外国人雇い兵を捕らえた,とし,ている。,順接確定
1071Q,950104012-016,8,9,それがあらゆる,ものを,乗り越えるマグマになっている。,想外
1071M,950104012-016,8,9,それがあらゆる,ものを,乗り越えるマグマになっている。,想外
1212M,950104012-049,18,21,選挙で勝ったなら、それは国民が選んだ,ということ,なのだから。,伝聞
2051M,950104015-006,9,10,「実に“親切”な,ことだ,けど、税金でパーティーなんか開いたら、選挙で負けちゃうよ。国民の目はそんなに甘いもんじゃない」,推量
0611Q,950104025-014,10,12,仲裁の私案を示した,とさ,れる。,順接仮定
0612Q,950104025-014,10,12,仲裁の私案を示した,とさ,れる。,順接確定
2111M,950104043-010,39,42,「加齢は乾燥のプロセスだといわれます。老化を遅らせるには、水分をたくさん取った,方がいい,」,勧め
2051M,950104065-005,59,60,関係者を驚かせたのは、前回まで二、三千二、三千二、三千二、三千人台だった応募者が、五千五千四百四百五十五十七人へほぼ倍増した,ことだっ,た。,推量
2021M,950104069-011,40,46,育児の真っただ中で、自分を見失ってしまわないよう、神様が私の手元に届けてくれたの,かもしれない,。,推量
2021M,950104069-011,40,41,育児の真っただ中で、自分を見失ってしまわないよう、神様が私の手元に届けてくれたの,かも,しれない。,推量
0731Q,950104073-008,4,5,「みんなの,ために,も、決めないわけにはいかなかった」。,理由
2031M,950104073-016,54,58,社会人選手権では６対１だったランとパスの獲得ヤード比が、この日は１対１だったのだから、立命は裏をかかれた思い,に違いない,。,推量
2661T,950104077-018,12,13,「それで精神的に弱かった,ことに,気づいて、絶対に不安にならないだけの練習をした」という。,強調
2951P,950104101-011,18,19,酢酸ビニロンなど化学合成製品を作る,際に,必要な物質。,状況
2951P,950104130-004,46,47,蒸気が漏れた水抜き水抜き配管の弁は、通常は使われず、検査時など給水管にたまった水を抜く,際に,使う。,状況
2951P,950104136-012,24,25,払い込みの請求や、顧客の企業からの問い合わせの,際に,は、別の担当者が対応し、請求を繰り返していた。,状況
0611Q,950104141-011,62,64,こうした中、隣接するイングーシ共和国のアウシェフ大統領は三日夜、ロシア軍が同共和国の村を空爆し、四人の市民が死亡した,とし,て、「隣接共和国を紛争に巻き込もう巻き込もうとする企て」とこれまでにない強い調子でロシア側を非難した。,順接仮定
0612Q,950104141-011,62,64,こうした中、隣接するイングーシ共和国のアウシェフ大統領は三日夜、ロシア軍が同共和国の村を空爆し、四人の市民が死亡した,とし,て、「隣接共和国を紛争に巻き込もう巻き込もうとする企て」とこれまでにない強い調子でロシア側を非難した。,順接確定
0811Q,950104151-014,28,29,これまで何度も見た記録フィルムを中心に構成された,もので,、例によって赤軍の勇敢な戦いぶりの繰り返しに終わっている。,理由
0811M,950104151-014,28,29,これまで何度も見た記録フィルムを中心に構成された,もので,、例によって赤軍の勇敢な戦いぶりの繰り返しに終わっている。,理由
1111Q,950104156-007,47,51,また、業種別の動向について、東洋経済新報社では「放送・通信、証券で、調査対象の全社が減少した,のに対し,、保険や電力・ガスなどが増加しており、雇用調整では業種間の明暗が大きく分かれた」と分析している。,対比
0981Q,950104156-010,29,32,この傾向は今後も続きそうで「景気にやや薄日がさしてきた,とはいえ,、大手企業を中心として人員削減計画は今後二―三二―三二―三年の期間で策定しているケースが多く、採用計画の手控え傾向を合わせ、従業員減少は続きそうだ」という。,逆接確定
0971C,950104179-003,42,45,スペインを代表するこのフラメンコの巨匠が、わが国にフラメンコ・ブームを巻き起こした,と言って,過言ではない。,逆接確定
0731Q,950104179-013,76,77,ガデスは「三年前の日本公演が私の最後の舞台と思っていた。でも長年、心の中でわだかまっているものがあり、それを忘れることができなかった。芸術家として再び創造の,ために,自分と戦う決意をした」と語っている。,理由
2011M,950104186-027,114,116,「私が演じるのは、戦地にひとりだけ残された女教師。『ひめゆりの塔』の映画化は四度目ですが、神山監督がまったく新しい作品として捕らえたいと、沖縄戦の全体も含めてリアルに描いていきます。だから、私たち、沖縄方言を特訓中な,んです,。イントネーションが難しいんですよ」,推量
1071Q,950104186-033,81,82,「舞台でいつか演じたいなと思ってるのが、やはり洋物洋物なんです。『サウンド・オブ・ミュージック』のような、歌あり、踊りありの作品。和物でも、華やかな踊りがある,ものを,演じてみたい」,想外
1071M,950104186-033,81,82,「舞台でいつか演じたいなと思ってるのが、やはり洋物洋物なんです。『サウンド・オブ・ミュージック』のような、歌あり、踊りありの作品。和物でも、華やかな踊りがある,ものを,演じてみたい」,想外
2011M,950104186-033,30,32,「舞台でいつか演じたいなと思ってるのが、やはり洋物洋物な,んです,。『サウンド・オブ・ミュージック』のような、歌あり、踊りありの作品。和物でも、華やかな踊りがあるものを演じてみたい」,推量
0811Q,950104191-003,16,17,公安消息筋の話として伝えた,もので,、外交官旅券の男は北朝鮮の工作組織であるマカオの貿易会社幹部だった。,理由
0811M,950104191-003,16,17,公安消息筋の話として伝えた,もので,、外交官旅券の男は北朝鮮の工作組織であるマカオの貿易会社幹部だった。,理由
0731Q,950104211-013,29,30,金大統領は、今年から本格推進する「韓国の世界化戦略」の,ために,、国民に尊敬される得がたい人物を大統領秘書室長に選んだ。,理由
1081Q,950104219-001,36,37,中川和雄・大阪府知事は四日の年頭記者会見で、府の外郭団体の二,割に,あたる約二十二十団体を対象に、統廃合の具体案づくりを進めていることを明らかにした。,想外
0811Q,950101020-003,61,62,それまで総人口のわずか二％程度だった有権者数が、一挙に二〇％に拡大され、確かに、選挙制度として画期的な,もので,はあった。,理由
0811M,950101020-003,61,62,それまで総人口のわずか二％程度だった有権者数が、一挙に二〇％に拡大され、確かに、選挙制度として画期的な,もので,はあった。,理由
0611Q,950101020-006,41,43,「選挙」という制度は、人間が考え出した政治のシステムの中では、最良、最高の英知だ,とさ,れる。,順接仮定
0612Q,950101020-006,41,43,「選挙」という制度は、人間が考え出した政治のシステムの中では、最良、最高の英知だ,とさ,れる。,順接確定
2051M,950101020-012,8,9,至極当たり前な,ことな,のに、すっかり見落とされている政治の仕組みから、まず点検してみたい。,推量
1212M,950101020-028,37,40,だが、この小選挙区制は、あげて選ぶ側、有権者自身の力量が問われる制度だ,ということ,を、確認しておきたい。,伝聞
1111Q,950103018-008,17,21,米国が市場万能主義を貫いてきた,のに対し,、日本の場合、まず「公的規制」があった。,対比
2661T,950103018-018,7,8,だが、残念な,ことに,新しい連立政権の発足でスピードダウンした。,強調
0981Q,950103018-022,14,17,ようやく回復の足取りを固めた,とはいえ,、日本経済の先行きは不透明感を免れない。,逆接確定
0731Q,950104020-006,83,84,「日本人は知恵を出す分野でもっと国際的に貢献できる。主体性をもって国際社会を引っ張っていくリーダーシップをとれる人。世界で何が重要かを常に関心を持ちつつ、国際社会の,ために,役立とう役立とうという使命感を抱いている人。そういった人材を多く育てる必要がある」,理由
0731Q,950104020-010,36,37,しかし、日本が二十二十一世紀に向けて、国際社会でさらに幅広い役割を果たす,ために,は、国際機関の頂点で活躍する両氏のような国際人が一人一人でも多く輩出してほしいと願わずにはいられない。,理由
1071Q,950104020-041,25,26,私たちがいま求められているのは、広い地球的視野で,物を,考えかつ行動できる「地球人」としての生き方を模索することではないだろうだろうか。,想外
1071M,950104020-041,25,26,私たちがいま求められているのは、広い地球的視野で,物を,考えかつ行動できる「地球人」としての生き方を模索することではないだろうだろうか。,想外
0811Q,950105042-004,23,24,過去三十三十年の日韓日韓関係は、決して平たんな,もので,はなかった。,理由
0811M,950105042-004,23,24,過去三十三十年の日韓日韓関係は、決して平たんな,もので,はなかった。,理由
0731Q,950105042-029,40,41,日韓日韓両国は、過去三十三十年の教訓と発展を基礎に、アジアと世界の平和と安定の,ために,、新たな協力関係を築く時代を迎えている。,理由
0681Q,950106041-007,91,92,未解決の水俣病の患者認定と補償問題を抱えての対外協力には割り切れない思いもあろうあろうが、水銀中毒を救済し、その拡大を防ぐためには日本の疫学調査、医療の経験がぜひとも役立てられ,ねば,ならない。,順接必要
0681M,950106041-007,91,92,未解決の水俣病の患者認定と補償問題を抱えての対外協力には割り切れない思いもあろうあろうが、水銀中毒を救済し、その拡大を防ぐためには日本の疫学調査、医療の経験がぜひとも役立てられ,ねば,ならない。,順接必要
0731Q,950106041-007,64,65,未解決の水俣病の患者認定と補償問題を抱えての対外協力には割り切れない思いもあろうあろうが、水銀中毒を救済し、その拡大を防ぐ,ために,は日本の疫学調査、医療の経験がぜひとも役立てられねばならない。,理由
1551M,950106041-007,91,96,未解決の水俣病の患者認定と補償問題を抱えての対外協力には割り切れない思いもあろうあろうが、水銀中毒を救済し、その拡大を防ぐためには日本の疫学調査、医療の経験がぜひとも役立てられ,ねばならない,。,当為
0681Q,950106041-015,42,43,とくにメチル水銀による神経障害は回復が困難なだけに、現地での疫学調査と医療が急がれ,ねば,ならない。,順接必要
0681M,950106041-015,42,43,とくにメチル水銀による神経障害は回復が困難なだけに、現地での疫学調査と医療が急がれ,ねば,ならない。,順接必要
1551M,950106041-015,42,47,とくにメチル水銀による神経障害は回復が困難なだけに、現地での疫学調査と医療が急がれ,ねばならない,。,当為
0811Q,950108031-010,47,48,どの首相もはやり言葉はやり言葉のように駆使する「変革」が、その実、いかに実体を伴わない無意味な,もので,あるかを見せつけられ、国民は日を追って政治的無関心の殻に閉じこもりつつある。,理由
0811M,950108031-010,47,48,どの首相もはやり言葉はやり言葉のように駆使する「変革」が、その実、いかに実体を伴わない無意味な,もので,あるかを見せつけられ、国民は日を追って政治的無関心の殻に閉じこもりつつある。,理由
0611Q,950110041-010,43,45,同審議会は「地方分権の推進と地方自治の確立は、いまや避けることのできない時代の要請だ」,とし,て、政府の取り組みを強く求めた。,順接仮定
0612Q,950110041-010,43,45,同審議会は「地方分権の推進と地方自治の確立は、いまや避けることのできない時代の要請だ」,とし,て、政府の取り組みを強く求めた。,順接確定
0971Q,950110041-014,44,48,「地方の時代」が叫ばれて久しいが、これまでの地方分権論議は掛け声倒れに終わってきた,といっても,過言ではない。,逆接確定
0971C,950110041-014,44,48,「地方の時代」が叫ばれて久しいが、これまでの地方分権論議は掛け声倒れに終わってきた,といっても,過言ではない。,逆接確定
0971C,950110041-014,44,47,「地方の時代」が叫ばれて久しいが、これまでの地方分権論議は掛け声倒れに終わってきた,といって,も過言ではない。,逆接確定
0681Q,950111045-011,21,23,その原点を踏まえた月二回の学校五日制で,なければ,ならない。,順接必要
0681M,950111045-011,21,23,その原点を踏まえた月二回の学校五日制で,なければ,ならない。,順接必要
1551M,950111045-011,21,27,その原点を踏まえた月二回の学校五日制で,なければならない,。,当為
1111Q,950111046-015,30,34,厚生省が今年度から研修プログラムに基づく臨床研修を求めた,のに対し,、実際にプログラムを作成した大学病院は半数に満たない。,対比
0611Q,950112044-020,25,27,犬の可愛さに利殖が加われば、つい食指を動かした,とし,ても、それを一概に責めることはできまい。,順接仮定
0612Q,950112044-020,25,27,犬の可愛さに利殖が加われば、つい食指を動かした,とし,ても、それを一概に責めることはできまい。,順接確定
0611Q,950113052-013,29,31,大統領が「まともに付き合っていられるか」との心境になった,とし,ても無理なかろうなかろう。,順接仮定
0612Q,950113052-013,29,31,大統領が「まともに付き合っていられるか」との心境になった,とし,ても無理なかろうなかろう。,順接確定
2051M,950113052-018,31,32,記者会見で米記者団の質問がこれらに集中したのも、至極もっともな,ことな,のである。,推量
0611Q,950113053-012,34,36,そして、同報告を貫く基調は日本が、全くの高コスト国になってしまった,とする,認識だ。,順接仮定
0612Q,950113053-012,34,36,そして、同報告を貫く基調は日本が、全くの高コスト国になってしまった,とする,認識だ。,順接確定
0961Q,950113053-022,15,18,名目賃金は上昇の一途をたどった,けれども,、賃金の実質感は乏しい。,逆接確定
0731Q,950113053-035,16,17,もともとは、横並びで賃上げを目指す,ために,始まった春闘。,理由
2051M,950114046-001,7,8,今に始まった,ことで,はないが、言論の府を標榜する政界なら、本来、言葉には慎重であるべきなのにいたって無神経である。,推量
2541M,950114046-010,38,39,しかしこの第三極に安易にリベラルなり民主リベラルという言葉を冠するのはいかがな,ものか,。,否定
2661T,950115036-004,29,30,メキシコ通貨危機には、輸入が増え、貿易赤字が増大した,ことに,加え、国内の政治不安が背景にある。,強調
2051M,950115036-005,38,39,だが、最大の理由は、外貨準備が減り、対外債務の支払いの金繰りが苦しくなった,ことだ,。,推量
2051M,950115036-012,66,67,だが、問題は通貨不安がメキシコだけにとどまらず他の南米諸国、さらにスペイン、イタリア、それからタイ、香港とアジアまで波及した,ことで,ある。,推量
0731Q,950115036-021,31,32,通貨不安が円高円高につながったように、こうした状況は日本経済の,ために,もマイナスである。,理由
0731Q,950115036-022,6,7,日本自身の,ために,も、Ｇ７でリーダーシップを発揮してほしい。,理由
2701T,950115037-016,28,29,中学、高校の運動部が勝利をめざして頑張るのは、ごく自然,のこと,だ。,強調
2661T,950115037-023,27,28,教師が生徒の楽しみを奪い、結果として生命まで奪った,ことに,なる。,強調
0611Q,950119047-034,15,17,事実、予想を超えるケースだった,とし,ても、それは予想の立て方に問題があったのではないか。,順接仮定
0612Q,950119047-034,15,17,事実、予想を超えるケースだった,とし,ても、それは予想の立て方に問題があったのではないか。,順接確定
0611Q,950119047-036,2,4,だ,とし,たら、もっと自然に対して謙虚になった予測があってもよかった。,順接仮定
0612Q,950119047-036,2,4,だ,とし,たら、もっと自然に対して謙虚になった予測があってもよかった。,順接確定
0612Q,950119047-036,2,5,だ,としたら,、もっと自然に対して謙虚になった予測があってもよかった。,順接確定
2051M,950119047-037,84,85,その予想・予測に関して言えば、多くの人が衝撃を受けたのは、「地震国であるがゆえに、建造物の耐震構造は世界のトップ」と聞かされ続けた安全への信頼が、大きく揺らいだ,ことだ,。,推量
1071Q,950119047-057,9,10,そのうえで、多くの,ものを,学び取らなければならない。,想外
1071M,950119047-057,9,10,そのうえで、多くの,ものを,学び取らなければならない。,想外
2661T,950120050-008,44,45,一昨年、宮沢政権が倒れたのを契機に始まった政界再編はなお進行の過程にあるが、遺憾な,ことに,政界再編の基軸となるべき基本理念、政策はわきへ追いやられ、数合わせ数合わせ先行の政権争奪ゲームに終始している。,強調
2051M,950120050-016,91,92,とりわけ海部氏は質問時間をフルに使って提案型の代表質問を行い、新進党の政見と政府施策との違いを明らかにしていく意向というが、論戦を通じて対立軸が浮き彫りになるのであれば結構な,ことだ,。,推量
2881W,950120050-019,10,12,選挙を控えた国会,となる,と、従来とかく政府は国民に痛みを伴う法案は出さず、大盤振る舞いの予算を編成し、与野党とも我田引水的宣伝合戦に終始して論戦を避ける傾向にある。,状況
2671T,950121045-020,6,8,近代技術を,あまりに,も過信していた。,強調
2661T,950121046-007,7,8,内容は残念な,ことに,極めて平板だ。,強調
2021M,950121046-012,19,25,首相にとっては演説どころではなかったの,かもしれない,。,推量
2021M,950121046-012,19,20,首相にとっては演説どころではなかったの,かも,しれない。,推量
0811Q,950121046-013,56,57,昨年七月十八日の首相就任後初の演説は「やさしい政治」の理念を説き、同九月三十三十日の演説ではその肉付けを試みた,ものだっ,た。,理由
0811M,950121046-013,56,57,昨年七月十八日の首相就任後初の演説は「やさしい政治」の理念を説き、同九月三十三十日の演説ではその肉付けを試みた,ものだっ,た。,理由
0931Q,950122051-017,26,28,ただ、通常の建設国債と切り離し「震災国債」といった形,にする,ことが望ましい。,逆接仮定
0932Q,950122051-017,26,28,ただ、通常の建設国債と切り離し「震災国債」といった形,にする,ことが望ましい。,逆接確定
0971C,950123086-005,4,7,だから,といって,、危機に対応する能力の乏しさを弁解する理由にはできない。,逆接確定
1011Q,950123086-005,2,7,だ,からといって,、危機に対応する能力の乏しさを弁解する理由にはできない。,逆接確定
2051M,950123087-006,30,31,被害で何より衝撃的なのは、高架橋・橋りょうが八カ所も落下した,ことだ,。,推量
2701T,950123087-023,40,41,第一に、開業して三十三十年がたち、施設の劣化が目立つ東海道新幹線は無論,のこと,、全新幹線の保安総点検や補強工事を早急に実施してもらいたい。,強調
0971C,950124043-017,25,28,わずか三カ月で、北朝鮮は実に多くの果実を手にした,と言って,いいだろうだろう。,逆接確定
2671T,950124043-018,26,28,このため米議会内には、クリントン政権が北朝鮮に対し,余りに,譲歩をし過ぎた、との批判が共和党を中心に広がっている。,強調
0731Q,950124043-024,14,15,米朝米朝合意の一層の推進の,ために,は、南北対話再開への北朝鮮の努力が不可欠である。,理由
0731Q,950124043-025,26,27,朝鮮問題の自主的な解決と、北東アジアの平和と安定の,ために,も、南北当事者の対話再開が強く望まれる。,理由
0811Q,950125053-016,37,38,現在の建築基準法施行令は新潟地震を契機に、一九八〇年に改正された,もので,、以後の建築物では震度６以上に耐えられる設計が図られている。,理由
0811M,950125053-016,37,38,現在の建築基準法施行令は新潟地震を契機に、一九八〇年に改正された,もので,、以後の建築物では震度６以上に耐えられる設計が図られている。,理由
2951P,950126047-005,9,10,関東大震災の,際に,飛び交ったような悪質なデマがみられないことも一因だろうだろう。,状況
2051M,950126047-007,56,57,不安感の表れとはいえ「震度６の余震がある」「新たな大地震が起きる」などの流言が、各地に広がっているのは困った,ことだ,。,推量
0731Q,950126048-009,24,25,このため、クリントン大統領は中産階層の人気回復の,ために,、中産階層減税の実施を強調した。,理由
0811Q,950126048-022,49,50,その半面、昨年の一般教書演説は、健康保険制度改革の意義を訴え、「変化」への意欲を強く打ち出した,もので,あった。,理由
0811M,950126048-022,49,50,その半面、昨年の一般教書演説は、健康保険制度改革の意義を訴え、「変化」への意欲を強く打ち出した,もので,あった。,理由
0731Q,950127048-011,13,14,実効のある料金制度にする,ために,は、もう一工夫も二工夫も必要である。,理由
2111M,950127048-022,16,19,こうした競争は、活発になった,方がよい,。,勧め
0811Q,950128045-003,17,18,国籍は一般市民にとって空気のような,ものだろう,だろう。,理由
0811M,950128045-003,17,18,国籍は一般市民にとって空気のような,ものだろう,だろう。,理由
2671T,950128045-022,18,20,それでも、当然の権利を取得するのに,あまりに,も回り道し過ぎた。,強調
0731Q,950128045-028,36,37,無国籍児の背景には、不法就労が発覚すれば処罰されるか、強制退去となる,ために,出生、登録を届けられないという事情もあるようだ。,理由
1111Q,950131056-007,63,67,付言すれば三十三十日の衆院予算委員会では同じ新進党の二見伸明氏が「責任はしかるべき時にとるのか」と暗に引責辞任を求めた,のに対し,首相は「いろんな批判は知っているが、今は復旧、復興対策に全力を挙げる」と答えた。,対比
2701T,950131057-004,7,8,災害時はもちろん,のこと,、高齢者は病気がちで医療費がかさむ。,強調
0981Q,950201061-002,83,86,外交問題にも発展しかねなかった一件に素早い対応で処理したともいえるが、「掲載記事に事実誤認があったから」という説明だけでは、ジャーナリズムとしての責任を果たした,とは言い,難い。,逆接確定
0811Q,950201061-005,38,39,アウシュビッツで公開されているガス室は解放後に共産党政権がでっち上げた,もので,、ナチス指導者はユダヤ人絶滅を計画したことなどなかった、と指摘している。,理由
0811M,950201061-005,38,39,アウシュビッツで公開されているガス室は解放後に共産党政権がでっち上げた,もので,、ナチス指導者はユダヤ人絶滅を計画したことなどなかった、と指摘している。,理由
0611Q,950201061-013,13,15,今回の「ガス室はなかった」,とする,記事掲載の根底には、編集者にこのあいまいさからくる甘えがあったと言えないだろうだろうか。,順接仮定
0612Q,950201061-013,13,15,今回の「ガス室はなかった」,とする,記事掲載の根底には、編集者にこのあいまいさからくる甘えがあったと言えないだろうだろうか。,順接確定
2051M,950201061-016,39,40,そのリーダー社である同社の刊行物で、このところ問題が多発しているのはどうした,ことだろう,だろう。,推量
1071Q,950202054-001,16,17,「放水なき火事の焼け跡」という,ものを,初めて見た。,想外
1071M,950202054-001,16,17,「放水なき火事の焼け跡」という,ものを,初めて見た。,想外
0681Q,950202054-016,46,47,消防力の限界を超える災害であっても、被害を小さくするための普段の備えが不十分だった点は問われ,ねば,ならない。,順接必要
0681M,950202054-016,46,47,消防力の限界を超える災害であっても、被害を小さくするための普段の備えが不十分だった点は問われ,ねば,ならない。,順接必要
1551M,950202054-016,46,51,消防力の限界を超える災害であっても、被害を小さくするための普段の備えが不十分だった点は問われ,ねばならない,。,当為
0981Q,950202054-026,48,51,消防力の絶対数不足をカバーするのが近隣自治体の消防だが、実戦的な広域協力体制が確立していた,とは言え,ない。,逆接確定
0811Q,950203049-001,32,33,戦後最悪の自然災害となった阪神大震災は地下の活断層がもたらした,もので,あることが明らかになっており、活断層の脅威がクローズアップされた。,理由
0811M,950203049-001,32,33,戦後最悪の自然災害となった阪神大震災は地下の活断層がもたらした,もので,あることが明らかになっており、活断層の脅威がクローズアップされた。,理由
0611Q,950204061-008,38,40,政府・与党の一部には、建設国債の対象になる公共事業の復旧だけに絞るべきだ、,とする,意見があるが、もってのほかだ。,順接仮定
0612Q,950204061-008,38,40,政府・与党の一部には、建設国債の対象になる公共事業の復旧だけに絞るべきだ、,とする,意見があるが、もってのほかだ。,順接確定
0811Q,950204061-021,21,22,九五年度予算案は大震災前に編成された,もので,、いまや事情は全く変わっている。,理由
0811M,950204061-021,21,22,九五年度予算案は大震災前に編成された,もので,、いまや事情は全く変わっている。,理由
0981Q,950204062-009,19,22,仮設住宅の場合、一部で入居が始まった,とはいえ,、完成までに時間がかかるのが厄介だ。,逆接確定
2671T,950204062-012,6,8,被災者に、,あまりに,長く、つらい日々を強いることになる。,強調
0731Q,950204062-013,16,17,せめて、お年寄りや病気の人たちの,ために,「つなぎの避難所」をもっと確保したい。,理由
0971C,950205035-003,22,25,震災対策に万全を期すことは当然だが、だから,といって,特殊法人の整理・合理化を“一時凍結”していいものではない。,逆接確定
1011Q,950205035-003,20,25,震災対策に万全を期すことは当然だが、だ,からといって,特殊法人の整理・合理化を“一時凍結”していいものではない。,逆接確定
0611Q,950205035-019,44,46,両事業団ともとも、先にさきがけが発表した見直し案では、すでに役割を終わっており廃止すべきだ,とさ,れたものだ。,順接仮定
0612Q,950205035-019,44,46,両事業団ともとも、先にさきがけが発表した見直し案では、すでに役割を終わっており廃止すべきだ,とさ,れたものだ。,順接確定
0811Q,950205035-019,50,51,両事業団ともとも、先にさきがけが発表した見直し案では、すでに役割を終わっており廃止すべきだとされた,ものだ,。,理由
0811M,950205035-019,50,51,両事業団ともとも、先にさきがけが発表した見直し案では、すでに役割を終わっており廃止すべきだとされた,ものだ,。,理由
0611Q,950205035-020,31,33,ところが所管の農水省は農畜産農畜産物の価格安定のためには残すべきだ,とし,て統合を持ち出した。,順接仮定
0612Q,950205035-020,31,33,ところが所管の農水省は農畜産農畜産物の価格安定のためには残すべきだ,とし,て統合を持ち出した。,順接確定
0731Q,950205035-020,23,24,ところが所管の農水省は農畜産農畜産物の価格安定の,ために,は残すべきだとして統合を持ち出した。,理由
0731Q,950206067-010,12,13,Ｇ７は為替の安定の,ために,経済運営を相互監視する方式を導入したが、成功したとは言い難い。,理由
0981Q,950206067-010,40,43,Ｇ７は為替の安定のために経済運営を相互監視する方式を導入したが、成功した,とは言い,難い。,逆接確定
2661T,950206067-017,42,43,だが、一方では、欧州の通貨当局は米国の支援策が、事前調整なしに進められた,ことに,反発している。,強調
0731Q,950206067-020,6,7,為替安定の,ために,主要国が動員できる資金は、民間の巨額の投機資金の流れと比べ、ただでさえ弱体である。,理由
0731Q,950206067-025,23,24,繰り返すが、安全保障と同じように、為替の安定の,ために,は、当局間の信頼関係の構築が中心となる。,理由
2051M,950206068-010,7,8,それは結構な,ことだ,。,推量
2661T,950207057-018,4,5,厄介な,ことに,、心の傷の後遺症は被災後すぐに出るとは限らず、半年たって現れることもある。,強調
0731Q,950208058-016,46,47,自衛隊側は、災害対策基本法など現行マニュアルに従ったというが、人命の救助、被害の拡大防止の,ために,臨機応変に、こうした情報を東京に伝えるべきだったのではないか。,理由
2111M,950208058-017,43,46,隊員確保のため、基地の外に居住する隊員が多かったため非常呼集に時間がかかった点も改善した,方がいい,。,勧め
0731Q,950208058-018,46,47,最高指揮官の判断能力を高めるための情報収集・伝達手段を確立し、危機管理能力を万全なものにする,ために,、防衛庁は現在の体制を根本的に見直すべきだ。,理由
0731Q,950208059-009,40,41,北大チームは米国でＡＤＡ欠損症の遺伝子治療を学んだほか、治療で正常な遺伝子を運ぶ,ために,使うベクターと呼ばれる無毒化ウイルスの提供も米国から受ける。,理由
0611Q,950209058-004,54,56,統合の対象となった六機関は、財政投融資の中核的な機関であり、郵便貯金の在り方などと一元的に検討すべきだ、,とする,意見もそれなりに筋は通っている。,順接仮定
0612Q,950209058-004,54,56,統合の対象となった六機関は、財政投融資の中核的な機関であり、郵便貯金の在り方などと一元的に検討すべきだ、,とする,意見もそれなりに筋は通っている。,順接確定
2051M,950209059-007,42,43,シートをかぶせ、散水しつつビルを解体する原則が、ほとんど守られていないのは困った,ことだ,。,推量
0731Q,950209059-008,13,14,余震による二次災害防止の,ために,作業が急がれ、断水で水もままならない、という事情があるのは分かる。,理由
0971C,950209059-009,4,7,だから,といって,「粉じん公害」のばらまきが許されるわけでもない。,逆接確定
1011Q,950209059-009,2,7,だ,からといって,「粉じん公害」のばらまきが許されるわけでもない。,逆接確定
0731Q,950209059-016,12,13,街の復興を軌道に乗せる,ために,、一日も早い処理が望まれる。,理由
0731Q,950209059-036,11,12,「ダンプ公害」緩和の,ために,も、仮置き場を早急に確保すべきだ。,理由
0731Q,950210050-002,26,27,打ちひしが打ちひしがれた地域に、新たな活力を吹き込む,ために,も経済の再建は急務だからである。,理由
2051M,950210050-013,58,59,注目したいのは、新しい地域づくりのビジョンとして「魅力ある産業の育成」に加え、「安全」重視の姿勢を明確にした,ことだ,。,推量
0731Q,950210051-021,27,28,これが法律の建前だが、実際には保険料の負担を避ける,ために,、制度に加入していない零細企業は多い。,理由
0681Q,950210051-029,4,6,そうで,なければ,、いたずらに不安が増幅する。,順接必要
0681M,950210051-029,4,6,そうで,なければ,、いたずらに不安が増幅する。,順接必要
1211D,950211051-021,19,22,「自分の民族だけが、特殊で最も優秀だ,といった,思い上がり」をなくすことが、国際主義の始まりであるというのが、交流に込められた願いだったという。,同格
2661T,950212037-007,46,47,日本経済の強さは各企業がひたすらシェア拡大を目指し、欧米で開発された技術をうまく改良した,ことに,あった、と言われてきた。,強調
1071Q,950212037-019,3,4,勘が,物を,言う職人の世界だったのである。,想外
1071M,950212037-019,3,4,勘が,物を,言う職人の世界だったのである。,想外
1071Q,950212037-036,5,6,勤勉さが,物を,言って、業績は順調に伸び、従業員も増やしたが、下請け工場の範ちゅうを出なかった。,想外
1071M,950212037-036,5,6,勤勉さが,物を,言って、業績は順調に伸び、従業員も増やしたが、下請け工場の範ちゅうを出なかった。,想外
0811Q,950214057-006,67,68,繰り返し指摘してきたことだが、今回の行革は、国民に負担増を求める以上、政府自らも合理化の努力をすべきだとの考えからスタートした,ものだ,。,理由
0811M,950214057-006,67,68,繰り返し指摘してきたことだが、今回の行革は、国民に負担増を求める以上、政府自らも合理化の努力をすべきだとの考えからスタートした,ものだ,。,理由
2051M,950214057-006,13,14,繰り返し指摘してきた,ことだ,が、今回の行革は、国民に負担増を求める以上、政府自らも合理化の努力をすべきだとの考えからスタートしたものだ。,推量
0681Q,950215054-043,20,23,だから、人間の喜びを感じられる会社で,なくては,いけない。,順接必要
0681Q,950215054-043,20,22,だから、人間の喜びを感じられる会社で,なくて,はいけない。,順接必要
0681M,950215054-043,20,23,だから、人間の喜びを感じられる会社で,なくては,いけない。,順接必要
0681M,950215054-043,20,22,だから、人間の喜びを感じられる会社で,なくて,はいけない。,順接必要
1561M,950215054-043,20,27,だから、人間の喜びを感じられる会社で,なくてはいけない,。,当為
0811Q,950216051-029,23,24,それは一般化し得る合理的な経営手法がもたらした,もので,あった。,理由
0811M,950216051-029,23,24,それは一般化し得る合理的な経営手法がもたらした,もので,あった。,理由
2051M,950216051-035,56,57,もう一つ成功の要因として見逃せないのは、大平さんが最初から量産によるマイタケの“価格破壊”を志向してきた,ことだ,。,推量
0731Q,950216051-040,6,7,その戦略の,ために,、大平さんは初めから量産体制を目指した。,理由
1212M,950216051-047,29,32,最終的には大平さんの気迫と人間性が、銀行側を動かした,ということ,だろうだろう。,伝聞
0731Q,950217045-011,23,24,守秘義務の精神を尊重するとともに、なお真相解明の,ために,必要な限度において、関係者に明らかにされるべきであろうあろう。,理由
1081Q,950218041-016,31,32,高級外車を乗り回し、カジノで大金を費消する新富裕層は人口の一,割に,も満たず、食うや食わずの生活苦にあえぎ、葬式代にさえ事欠く貧困層との格差はあまりに大きい。,想外
2701T,950219028-005,15,16,全体が改正されるのは初めて,のこと,であり、形式的にみれば「全面改正」といえよういえよう。,強調
1071Q,950219028-006,31,32,実質的には漢文調の古い文体を現代文に転換するだけであり「縦の,ものを,横にしただけ」の声もある。,想外
1071M,950219028-006,31,32,実質的には漢文調の古い文体を現代文に転換するだけであり「縦の,ものを,横にしただけ」の声もある。,想外
1071Q,950219028-024,21,22,「同種の刑は、長期の長いもの又は多額の多い,ものを,重い刑とし……」といった奇妙な表現が残っている。,想外
1071M,950219028-024,21,22,「同種の刑は、長期の長いもの又は多額の多い,ものを,重い刑とし……」といった奇妙な表現が残っている。,想外
1071Q,950220031-006,12,13,にわか仕立ての街頭の店で,物を,売ったり、復旧・復興作業に従事する人たちの出入りが激しくなっていることとも無縁ではあるまい。,想外
1071M,950220031-006,12,13,にわか仕立ての街頭の店で,物を,売ったり、復旧・復興作業に従事する人たちの出入りが激しくなっていることとも無縁ではあるまい。,想外
0731Q,950220032-023,13,14,運輸省が時間短縮を進める,ために,指導したようだが、納得できない措置だ。,理由
0611Q,950221060-012,19,21,だから、逆に実体賃金は開くばかりだ、,とする,反省に立っている。,順接仮定
0612Q,950221060-012,19,21,だから、逆に実体賃金は開くばかりだ、,とする,反省に立っている。,順接確定
0971C,950221060-027,66,69,ここでも二七％が「すでに終身雇用制崩壊が始まった」と答え、四五・七％が「賃金、昇進を含め年功序列制は崩壊した」,と言って,いる。,逆接確定
2661T,950221061-005,13,14,日本の都市の基盤はもろかった,ことに,なる。,強調
2661T,950221061-013,40,41,各種の耐震基準は改良されてはきたが、もともと科学的な根拠に基づくものではなかった,ことに,なる。,強調
0731Q,950221061-026,23,24,原発が集中した地域もあり、国民の不安解消の,ために,徹底的に議論してほしい。,理由
0811Q,950221061-033,21,22,こんな反論もあるが、国民の生活に不可欠な,ものなら,安全確保に費用を惜しむべきではない。,理由
0811M,950221061-033,21,22,こんな反論もあるが、国民の生活に不可欠な,ものなら,安全確保に費用を惜しむべきではない。,理由
1161Q,950222054-027,40,41,授産施設の再建に行政が取り組むのは当たり前だが、共同作業所への支援は「無認可の,ままで,は無理」という。,付帯
0971C,950223050-001,33,36,戦後政治に巣くった計り知れ計り知れない「病理」が裁かれた、,と言って,いいだろうだろう。,逆接確定
0681Q,950223050-028,4,6,そうで,なければ,「汚職の構造化」の中で、やたらと「灰色」に逃げ込む政治家を生み出すことになりかねない。,順接必要
0681M,950223050-028,4,6,そうで,なければ,「汚職の構造化」の中で、やたらと「灰色」に逃げ込む政治家を生み出すことになりかねない。,順接必要
0971C,950223050-032,33,36,「個人の人権の保障」という刑事訴訟法の精神から冷静に判断を下した,といって,よかろうよかろう。,逆接確定
0981Q,950223050-038,1,4,とはいえ、むなしさを感じる国民は多いはずだ。,とはいえ,、むなしさを感じる国民は多いはずだ。,逆接確定
1041Q,950224053-010,1,6,にもかかわらず同期同学歴の男性社員に比べ、取り残されたままだ。,にもかかわらず,同期同学歴の男性社員に比べ、取り残されたままだ。,想外
1041C,950224053-010,1,6,にもかかわらず同期同学歴の男性社員に比べ、取り残されたままだ。,にもかかわらず,同期同学歴の男性社員に比べ、取り残されたままだ。,想外
0731Q,950224054-025,13,14,国内外の理解と協力を得る,ために,は情報の公開と誠意ある対応が大切だ。,理由
2661T,950225046-006,38,39,その分、今回の公的資金、つまり国民の預金や税金で拠出、贈与する負担が増した,ことに,なる。,強調
0811Q,950225046-012,27,28,そして、そのつけがやがて国民に回されるのでは、たまった,もので,はない。,理由
0811M,950225046-012,27,28,そして、そのつけがやがて国民に回されるのでは、たまった,もので,はない。,理由
0981Q,950225046-016,19,22,一方、信用秩序のため両信組を救済した,とはいう,が、乱脈経営の実態が次々と明るみに出るにつれ、国民の間では金融システムや金融当局への信頼が日々薄らいでいる。,逆接確定
2951P,950225047-006,13,14,公開の実務として閲覧の,際に,手書きでメモを取ることは認められている。,状況
0611Q,950225047-018,27,29,ところが「認められない」という指示が自治省からあった,とし,て断られ、府選管にその取り消しを求めた、というのがこの裁判である。,順接仮定
0612Q,950225047-018,27,29,ところが「認められない」という指示が自治省からあった,とし,て断られ、府選管にその取り消しを求めた、というのがこの裁判である。,順接確定
2661T,950226034-016,20,21,軍人出身大統領の過去の責任を問わなかった,ことに,、反対や不満の声も聞かれたが、韓国的な政治風土克服への努力として理解できようできよう。,強調
0731Q,950226034-031,15,16,政治家は、韓国の発展と未来の,ために,、知恵を尽くし自らの犠牲も覚悟すべきであろうあろう。,理由
0811Q,950227033-009,20,21,「当面の措置」は、その反省からまとめた,もので,、いずれも、やって当たり前の措置ばかりである。,理由
0811M,950227033-009,20,21,「当面の措置」は、その反省からまとめた,もので,、いずれも、やって当たり前の措置ばかりである。,理由
2661T,950228056-009,63,64,大震災発生時の初動の遅れなど政府のうろたえぶりは、戦後の歴代内閣が大災害など国難に対する危機管理システムの構築を怠ってきた,ことに,その主因があり、ひとり村山首相の責めに帰すのは酷かもしれない。,強調
0811Q,950228056-010,90,91,とはいえ、震災発生時に見せた村山首相の危機認識、ちぐはぐな言動、緩慢な対応ぶりは、率直に言って国政の最高責任者としての適格性、資質に疑問符をつけざるを得ないほどお粗末な,もので,あった。,理由
0811M,950228056-010,90,91,とはいえ、震災発生時に見せた村山首相の危機認識、ちぐはぐな言動、緩慢な対応ぶりは、率直に言って国政の最高責任者としての適格性、資質に疑問符をつけざるを得ないほどお粗末な,もので,あった。,理由
0981Q,950228056-010,1,4,とはいえ、震災発生時に見せた村山首相の危機認識、ちぐはぐな言動、緩慢な対応ぶりは、率直に言って国政の最高責任者としての適格性、資質に疑問符をつけざるを得ないほどお粗末なものであった。,とはいえ,、震災発生時に見せた村山首相の危機認識、ちぐはぐな言動、緩慢な対応ぶりは、率直に言って国政の最高責任者としての適格性、資質に疑問符をつけざるを得ないほどお粗末なものであった。,逆接確定
0611Q,950228056-018,37,40,「なりたくて首相になったわけではない」が村山首相の口癖だが、その通りだ,とすれば,村山首相にとって失うものは何もないはずだ。,順接仮定
0611Q,950228056-018,37,39,「なりたくて首相になったわけではない」が村山首相の口癖だが、その通りだ,とすれ,ば村山首相にとって失うものは何もないはずだ。,順接仮定
0612Q,950228056-018,37,40,「なりたくて首相になったわけではない」が村山首相の口癖だが、その通りだ,とすれば,村山首相にとって失うものは何もないはずだ。,順接確定
0612Q,950228056-018,37,39,「なりたくて首相になったわけではない」が村山首相の口癖だが、その通りだ,とすれ,ば村山首相にとって失うものは何もないはずだ。,順接確定
1071Q,950228057-002,45,46,フィリピンが領有権を主張している同諸島東部のパンガニバン礁に中国がコンクリート製の構造,物を,建設したのが今回の騒ぎの発端だ。,想外
1071M,950228057-002,45,46,フィリピンが領有権を主張している同諸島東部のパンガニバン礁に中国がコンクリート製の構造,物を,建設したのが今回の騒ぎの発端だ。,想外
0611Q,950228057-006,20,22,領有権論争で結局ものをいうのは実効支配だ,とさ,れている。,順接仮定
0612Q,950228057-006,20,22,領有権論争で結局ものをいうのは実効支配だ,とさ,れている。,順接確定
1071Q,950228057-006,9,10,領有権論争で結局,ものを,いうのは実効支配だとされている。,想外
1071M,950228057-006,9,10,領有権論争で結局,ものを,いうのは実効支配だとされている。,想外
0731Q,950228057-012,61,62,今回のミスチフ礁事件は、中国の実効支配地拡大が、東南アジア諸国連合のメンバー国が領有権を主張している岩礁にまで及んだ,ために,関係諸国に衝撃を与えたようだ。,理由
2701T,950228057-018,5,6,それならなお,のこと,、自ら現状を変えるようなことは控えるべきではないか。,強調
0811Q,950105010-004,20,21,石原信雄官房副長官は「シリアスな,もので,はない」と述べ、訪米日程などには影響しないことを強調した。,理由
0811M,950105010-004,20,21,石原信雄官房副長官は「シリアスな,もので,はない」と述べ、訪米日程などには影響しないことを強調した。,理由
2051M,950105016-004,11,12,だれも想像できなかった,ことだ,。,推量
0971C,950105016-006,61,64,先日、来日した共和党と民主党の議員二人二人が「共和党が小さな政治、民主党が大きな政治ということだけでは律せなくなった」,と言って,いた。,逆接確定
2661T,950105016-053,33,34,相当の決意をしないと、今回の選挙制度改革は中選挙区制をなくした,ことに,だけ、意味を見いだす以外になくなる。,強調
0611Q,950105020-005,35,37,もし、立候補予定者と公認決定権をもつ党幹部の間でカネのやりとりがあった,とし,たら……。,順接仮定
0612Q,950105020-005,35,37,もし、立候補予定者と公認決定権をもつ党幹部の間でカネのやりとりがあった,とし,たら……。,順接確定
0612Q,950105020-005,35,38,もし、立候補予定者と公認決定権をもつ党幹部の間でカネのやりとりがあった,としたら,……。,順接確定
0731Q,950105033-010,32,33,今回のケースは、明らかに株価が下がる状況に直面し、自己防衛の,ために,手持ちの株を売ったというのが実情だ。,理由
0971C,950105033-014,4,7,だから,といって,、彼らの行動は同情すべきことだろうだろうか。,逆接確定
1011Q,950105033-014,2,7,だ,からといって,、彼らの行動は同情すべきことだろうだろうか。,逆接確定
2651M,950105033-022,76,79,そのきっかけになった「タテホ化学工業事件」は、財テクに失敗し、巨額の損失を出したタテホの取引銀行が、損失公表の前日にタテホ株を売り抜けていた,というもの,だった。,強調
2011M,950105035-009,45,47,「こんな国はありません。米国はまだら模様です。今すぐ使えるマルチメディアというのは、ＩＳＤＮな,んです,」,推量
2661T,950105045-010,37,38,越年で三週間を超えた作戦費用の合計は、一兆数千数千億ルーブルに達した,ことに,なる。,強調
0811Q,950105052-003,51,52,国連のガリ事務総長の仲介で、九日からジュネーブで開かれるポルトガル外相との交渉に臨む基本姿勢を示した,もので,、同外相は「東ティモールの住民の多数が、インドネシアへの併合を望んだという問題の原点へ、もう一度立ち返るべきだ。お互いの主張を言い合っているだけでは、解決にはつながらない」と強調した。,理由
0811M,950105052-003,51,52,国連のガリ事務総長の仲介で、九日からジュネーブで開かれるポルトガル外相との交渉に臨む基本姿勢を示した,もので,、同外相は「東ティモールの住民の多数が、インドネシアへの併合を望んだという問題の原点へ、もう一度立ち返るべきだ。お互いの主張を言い合っているだけでは、解決にはつながらない」と強調した。,理由
0681Q,950105062-003,50,52,コスモ石油の岡部敬一郎社長は「今後の業界で生き抜くためには、ナンバーワンか、個性的な企業で,なければ,ならない時代も来る。今の地位に甘んずることなく上位を目指そう目指そう」と年頭から業界再編も見据えて社員を激励した。,順接必要
0681M,950105062-003,50,52,コスモ石油の岡部敬一郎社長は「今後の業界で生き抜くためには、ナンバーワンか、個性的な企業で,なければ,ならない時代も来る。今の地位に甘んずることなく上位を目指そう目指そう」と年頭から業界再編も見据えて社員を激励した。,順接必要
1551M,950105062-003,50,56,コスモ石油の岡部敬一郎社長は「今後の業界で生き抜くためには、ナンバーワンか、個性的な企業で,なければならない,時代も来る。今の地位に甘んずることなく上位を目指そう目指そう」と年頭から業界再編も見据えて社員を激励した。,当為
2661T,950105078-001,20,21,自動車・同部品分野交渉の再開が決まった,ことに,ついて、日本自動車工業会の豊田達郎会長は四日、「数値目標の設定や、政府の権限外の事項は協議の対象としないということが明確にされたうえでの再開である点を歓迎したい。規制緩和など、政府間で話し合われるべき事項について早期合意を期待する」とのコメントを発表した。,強調
0731Q,950105082-008,90,91,「東京空襲の記念館・塔を造りたい。靖国神社や千鳥ケ淵・戦没者墓苑墓苑など、軍人さんのはあるが、一般市民のはない。その計画は、都が江戸東京博物館や美術館などを造った,ために,、延び延びになっているようです」,理由
0731Q,950105085-007,18,19,どうしても手元に置きたい本を買う,ために,、つましい家計の中から流行の服は似合わないと決め、化粧品代を削り、交際費は義理を欠かない程度で失礼している。,理由
0811Q,950105085-013,18,19,二人二人で時々古本屋回りをした,ものだ,が、私の嗜好はあのころに培われたものかもしれない。,理由
0811M,950105085-013,18,19,二人二人で時々古本屋回りをした,ものだ,が、私の嗜好はあのころに培われたものかもしれない。,理由
2021M,950105085-013,37,43,二人二人で時々古本屋回りをしたものだが、私の嗜好はあのころに培われたもの,かもしれない,。,推量
2021M,950105085-013,37,38,二人二人で時々古本屋回りをしたものだが、私の嗜好はあのころに培われたもの,かも,しれない。,推量
2542M,950105085-013,36,37,二人二人で時々古本屋回りをしたものだが、私の嗜好はあのころに培われた,ものか,もしれない。,適当
2051M,950105094-009,23,24,不安点は、出足を止められると足がそろいがちな,ことで,、突き押し突き押しも腰が入らず威力を失う。,推量
2011M,950105115-022,87,89,「テレビのドラマは百人ぐらいのチームで作るので、自分の思い通りにならないことが多い。小説なら、成功しても失敗しても、ひっかぶるのは自分だけ。そういうものに向田さんはあこがれた,んでしょう,でしょう」,推量
2011M,950105115-026,27,29,「昔、大江があんまりいい小説を書くんで、ぼくは挫折した,んです,ね。それから四十四十年もたって、あのころのことがよみがえってきてうれしかった」,推量
0611Q,950105120-001,78,80,サリン残留物と同一化合物が検出された山梨県上九一色村に道場を持つ宗教団体「オウム真理教」の信者十八人が四日、サリンなどの毒ガスを噴射された,とし,て、道場近くの工場経営者を殺人未遂罪で甲府地検に告訴した。,順接仮定
0612Q,950105120-001,78,80,サリン残留物と同一化合物が検出された山梨県上九一色村に道場を持つ宗教団体「オウム真理教」の信者十八人が四日、サリンなどの毒ガスを噴射された,とし,て、道場近くの工場経営者を殺人未遂罪で甲府地検に告訴した。,順接確定
2651M,950105120-003,81,84,オウム真理教側の記者会見や告訴状によると、工場経営者は昨年三月ごろから十二月にかけ、道場に向けて、サリンなどの神経ガスを噴射、信者に対して中毒症を負わせた,というもの,。,強調
0811Q,950105130-005,24,25,美術品は秋山さんが先祖代々受け継いできた,ものだっ,た。,理由
0811M,950105130-005,24,25,美術品は秋山さんが先祖代々受け継いできた,ものだっ,た。,理由
1071Q,950105147-011,21,22,ドナーと患者のＤＮＡが結び付くなどした,ものを,電気泳動装置にかけ、ＤＮＡの帯状模様を描き出す。,想外
1071M,950105147-011,21,22,ドナーと患者のＤＮＡが結び付くなどした,ものを,電気泳動装置にかけ、ＤＮＡの帯状模様を描き出す。,想外
0611Q,950105153-003,18,20,蹴鞠は奈良時代に中国から伝来した,とさ,れ、水干、烏帽子装束の蹴鞠保存会の会員が六人一組の輪になり、「やぁ」「ありぃ」「おう」の掛け声とともに、直径約十センチの白いシカ革の鞠をけり回した。,順接仮定
0612Q,950105153-003,18,20,蹴鞠は奈良時代に中国から伝来した,とさ,れ、水干、烏帽子装束の蹴鞠保存会の会員が六人一組の輪になり、「やぁ」「ありぃ」「おう」の掛け声とともに、直径約十センチの白いシカ革の鞠をけり回した。,順接確定
0971C,950105173-016,45,48,結構な話だが、ある経済ジャーナリストは「世界の金融市場などが動いている時に陰暦の正月だ、,といって,何日間も休んでいいのか。政府は、口を開けば“国際化”と言うが、逆行している」と批判的だ。,逆接確定
1161Q,950105176-008,48,49,東京都区内でゴミを捨てる場合、半透明のゴミ袋ゴミ袋に入れる必要があるので、女性は古下着をその,ままで,は捨てにくい。,付帯
0681Q,950105176-035,27,29,ふろ場は、湯気が室内に満ちていれば暖かいが、そうで,なければ,一般の部屋より寒い。,順接必要
0681M,950105176-035,27,29,ふろ場は、湯気が室内に満ちていれば暖かいが、そうで,なければ,一般の部屋より寒い。,順接必要
0611Q,950105179-003,80,82,同紙によれば、報告書は「エリツィン大統領は指導力を発揮していない」と述べ、同大統領は強硬派側近に「最高権力」を譲り、側近がチェチェンへの攻撃を承認した,とし,ている。,順接仮定
0612Q,950105179-003,80,82,同紙によれば、報告書は「エリツィン大統領は指導力を発揮していない」と述べ、同大統領は強硬派側近に「最高権力」を譲り、側近がチェチェンへの攻撃を承認した,とし,ている。,順接確定
0811Q,950105181-003,55,56,ただ、このエピソードはインタビュアーの「ここだけの話として教えてほしい」という要請に応じて“暴露”した,もので,、ギングリッチ議長は「母親をそそのかしたうえ、公にしたのは卑劣な行為」と逆にテレビ局に謝罪を要求している。,理由
0811M,950105181-003,55,56,ただ、このエピソードはインタビュアーの「ここだけの話として教えてほしい」という要請に応じて“暴露”した,もので,、ギングリッチ議長は「母親をそそのかしたうえ、公にしたのは卑劣な行為」と逆にテレビ局に謝罪を要求している。,理由
0971C,950105181-007,48,51,チャンさんが「ここだけの話でこっそり話してくれませんか」と重ねて頼むと「彼女はあばずれだ、,と言って,いたわ」と語った。,逆接確定
0731Q,950105195-002,29,30,「スガモプリズン」は一九四五年十一月、占領軍が戦犯収容の,ために,東京拘置所を接収して開設した。,理由
0731Q,950105199-002,101,102,期間中は「中国五代王朝料理」のパーティー、「選り抜きのグルメ宴会」、「満漢全席」などグルメには特にお勧めのイベントや、中国料理、フランス、イタリア、タイなど各国の料理のレストランが、フェスティバルの,ために,用意した特別メニューで舌を楽しませてくれる。,理由
2661T,950105203-004,69,70,この地方でガラスの製造が盛んになったのは、十六世紀の中ごろ、グスタヴ・ヴァーサ王が産業振興の目的で、イタリアのベネチアからガラス職人を招いた,ことに,始まる。,強調
0611Q,950105233-002,38,40,初生け式は、一年の華道精進を誓う新春恒例の行事で、室町時代に始まった,とさ,れる。,順接仮定
0612Q,950105233-002,38,40,初生け式は、一年の華道精進を誓う新春恒例の行事で、室町時代に始まった,とさ,れる。,順接確定
2011M,950105235-004,57,59,「２８年前、朝日を定年になる少し前、河井さんの亡くなる前年だったか、河井さんのことを本にしようしようと、取材に通った,んです,。本の題名は、と聞かれて、陶工河井寛次郎、と答えたら、それはやめて、ある陶工、ということにしてくれといわれ、それっきりになった。毎日の美術記者だった井上靖さんも、河井を書こう書こうとしてあきらめています」,推量
2011M,950105235-008,57,59,「読み返すのもイヤでね。河井という人を、もうひとつわからんなりに書いてる。あの人は出雲の人で、やっぱり神々神々の子な,んです,ね。民芸運動に参加はしましたが、民芸の意識があったのは戦前までで、晩年は神秘主義的になりました」,推量
1071Q,950105235-012,78,79,「京都の美術界の黄金期は、大正の後半と、昭和２０年代でした。いまはツマラン絵を描いて、高い値段でしょうでしょう。昔の人は違うよ。つぎは、自分という人間をさらけ出した,ものを,書こう書こうと、構想はできてます。この年になっても、明日の夢を持たないと、生きてはいけません」,想外
1071M,950105235-012,78,79,「京都の美術界の黄金期は、大正の後半と、昭和２０年代でした。いまはツマラン絵を描いて、高い値段でしょうでしょう。昔の人は違うよ。つぎは、自分という人間をさらけ出した,ものを,書こう書こうと、構想はできてます。この年になっても、明日の夢を持たないと、生きてはいけません」,想外
2051M,950301058-004,50,51,国と地方の権限配分の見直しや分散型国土への転換こそ震災から得た教訓であり、現代社会にとって必要な,ことで,はないだろうだろうか。,推量
2881W,950301058-010,25,27,結果的には、推進委員会の権限はすっきりした内容,となっ,た。,状況
2051M,950301058-023,25,26,もう一つは、分権をどう具体化していくかが不明な,ことだ,。,推量
0811Q,950301059-002,59,60,報告は、クリントン政権の新しいアジア政策というよりは、アジア安保戦略の基礎となる情勢認識とアジア理解を明らかにした,もので,ある。,理由
0811M,950301059-002,59,60,報告は、クリントン政権の新しいアジア政策というよりは、アジア安保戦略の基礎となる情勢認識とアジア理解を明らかにした,もので,ある。,理由
0811Q,950301059-013,39,40,安全保障が確立してこそ、米国の輸出拡大も可能になるとの認識を明らかにした,もので,、極めて現実的な判断といえる。,理由
0811M,950301059-013,39,40,安全保障が確立してこそ、米国の輸出拡大も可能になるとの認識を明らかにした,もので,、極めて現実的な判断といえる。,理由
0731Q,950301059-016,19,20,北東アジアの信頼醸成と地域問題協議の,ために,、北東アジア安全保障協議機構の設立も展望している。,理由
2881W,950302048-003,46,48,在日韓国人二世たちの訴え自体は棄却したが、日ごろ謙抑的な最高裁にしては珍しく踏み込んだ判決,となっ,た。,状況
0611Q,950303044-001,18,20,あなたが役所に何かの用事で出掛けた,としよう,しよう。,順接仮定
0612Q,950303044-001,18,20,あなたが役所に何かの用事で出掛けた,としよう,しよう。,順接確定
2051M,950303044-014,10,11,第二に公表の唐突な,ことだ,。,推量
2051M,950303044-021,16,17,第三に、そしてこれが最も重要な,ことだ,が、プライバシー保護と、その裏腹の関係にある情報公開の問題である。,推量
0811Q,950303044-027,14,15,プライバシーも何も、あった,もので,はない。,理由
0811M,950303044-027,14,15,プライバシーも何も、あった,もので,はない。,理由
0681Q,950303045-005,14,15,救援もまた等しく実施され,ねば,ならない。,順接必要
0681M,950303045-005,14,15,救援もまた等しく実施され,ねば,ならない。,順接必要
1551M,950303045-005,14,19,救援もまた等しく実施され,ねばならない,。,当為
0611Q,950304054-004,24,26,双方の決断には、今回の震災が大きな誘因になった,とさ,れている。,順接仮定
0612Q,950304054-004,24,26,双方の決断には、今回の震災が大きな誘因になった,とさ,れている。,順接確定
0731Q,950304054-008,45,46,原告側は、解決金の約四割に当たる十五億円を「個人補償」でなく、生活環境の改善や地域再生の,ために,生かすという。,理由
0731Q,950304054-028,20,21,都市計画や地域振興を真に住民のものにする,ために,は、このような発想の転換も必要だ。,理由
2661T,950304055-013,4,5,残念な,ことに,、両信組ではすでに大口預金者の多くが預金を引き出してしまい、昨年十二月の破たん処理を白紙に戻すすべがないことだ。,強調
2661T,950305033-042,33,34,つまり、政治・行政機能と経済機能の中枢が、同時被災しては大変な,ことに,なる、という懸念だ。,強調
0731Q,950305033-046,10,11,国民的世論の形成の,ために,、一つだけ問題を提起してみたい。,理由
0731Q,950305033-048,55,56,調査会の中間報告で最も共感した部分は、東京中心主義、東京一流主義という根強い国民の意識を変える,ために,、東京から首都を動かしてはどうかという提案だ。,理由
0681Q,950306029-002,17,19,肉親を亡くし、家を失った被災者で,なくて,も心に言いようのないむなしさが残る。,順接必要
0681M,950306029-002,17,19,肉親を亡くし、家を失った被災者で,なくて,も心に言いようのないむなしさが残る。,順接必要
2321M,950306029-023,87,92,地震予知連絡会会長の茂木清夫・日大教授は昨秋のシンポジウムで、福井地震以降、日本周辺の地震活動が鈍ったわけではなく、九三年の北海道南西沖地震など地震が陸を避けたの,に過ぎない,と述べた。,相応
2321M,950306029-023,87,90,地震予知連絡会会長の茂木清夫・日大教授は昨秋のシンポジウムで、福井地震以降、日本周辺の地震活動が鈍ったわけではなく、九三年の北海道南西沖地震など地震が陸を避けたの,に過ぎ,ないと述べた。,相応
2661T,950306029-033,35,36,戦後驚異的な復興を遂げた日本が阪神大震災で手痛い被害を受けた,ことに,世界は驚いた。,強調
2051M,950307049-014,68,69,特異なことは、発注者である下水道事業団自体が談合を指導したり、工事の予算額や落札予定価格を受注者に知らせたりしていた疑いが濃厚な,ことだ,。,推量
2021M,950307050-013,45,51,昨年の報告にはなかった「長期赤字企業の破産」をちらつかせているのはショック効果を狙ったの,かもしれない,。,推量
2021M,950307050-013,45,46,昨年の報告にはなかった「長期赤字企業の破産」をちらつかせているのはショック効果を狙ったの,かも,しれない。,推量
2051M,950307050-022,21,22,軍による海洋権益の防衛を改めて宣言した,ことだ,。,推量
0611Q,950307050-024,42,45,ベトナムやフィリピンなど周辺諸国と領有権を争う南沙諸島問題を念頭に置いているのだ,とすれば,時代に逆行する動きというしかない。,順接仮定
0611Q,950307050-024,42,44,ベトナムやフィリピンなど周辺諸国と領有権を争う南沙諸島問題を念頭に置いているのだ,とすれ,ば時代に逆行する動きというしかない。,順接仮定
0612Q,950307050-024,42,45,ベトナムやフィリピンなど周辺諸国と領有権を争う南沙諸島問題を念頭に置いているのだ,とすれば,時代に逆行する動きというしかない。,順接確定
0612Q,950307050-024,42,44,ベトナムやフィリピンなど周辺諸国と領有権を争う南沙諸島問題を念頭に置いているのだ,とすれ,ば時代に逆行する動きというしかない。,順接確定
0971Q,950308050-003,29,33,円高円高ではなく、「ドル全面安だ」「マルクの連れ高だ」,と言っても,始まらない。,逆接確定
0971C,950308050-003,29,33,円高円高ではなく、「ドル全面安だ」「マルクの連れ高だ」,と言っても,始まらない。,逆接確定
0971C,950308050-003,29,32,円高円高ではなく、「ドル全面安だ」「マルクの連れ高だ」,と言って,も始まらない。,逆接確定
0731Q,950309049-009,26,27,これは、クリントン大統領が中間選挙前の合意を急いだ,ために,、具体的な支援範囲を詰めなかったからであり、米国の失態といえよういえよう。,理由
0611Q,950310051-010,54,57,お互いにスネに傷を持つ者同士、統一地方選を控え、なれ合いで国民向けに信組救済問題追及のポーズを取ったのだ、,とすれば,とんでもないことである。,順接仮定
0611Q,950310051-010,54,56,お互いにスネに傷を持つ者同士、統一地方選を控え、なれ合いで国民向けに信組救済問題追及のポーズを取ったのだ、,とすれ,ばとんでもないことである。,順接仮定
0612Q,950310051-010,54,57,お互いにスネに傷を持つ者同士、統一地方選を控え、なれ合いで国民向けに信組救済問題追及のポーズを取ったのだ、,とすれば,とんでもないことである。,順接確定
0612Q,950310051-010,54,56,お互いにスネに傷を持つ者同士、統一地方選を控え、なれ合いで国民向けに信組救済問題追及のポーズを取ったのだ、,とすれ,ばとんでもないことである。,順接確定
0731Q,950310051-013,73,74,十六日には参院予算委で三重野康・前日銀総裁、堀江鉄弥長銀頭取に対する参考人招致が予定されているが、政治に対する国民の信頼をつなぎとめる,ために,も国会での徹底した真相解明の努力を求めておきたい。,理由
0731Q,950310051-016,39,40,私たちはかねて国民の知る権利を守り、テレビを通じて視聴者が的確な判断材料を得る,ために,も喚問中のナマ放映を解禁するよう主張してきたが、自民党や新進党は「党内で検討中」などとして結論を先延ばし先延ばししてきた。,理由
0611Q,950310052-018,25,27,だが、同じ被害なのに地域により異なる判定があった,とし,たら、被災者の気持ちが収まらないのは当然だろうだろう。,順接仮定
0612Q,950310052-018,25,27,だが、同じ被害なのに地域により異なる判定があった,とし,たら、被災者の気持ちが収まらないのは当然だろうだろう。,順接確定
0612Q,950310052-018,25,28,だが、同じ被害なのに地域により異なる判定があった,としたら,、被災者の気持ちが収まらないのは当然だろうだろう。,順接確定
0811Q,950311045-011,22,23,輸出入の減少は血液の循環に支障が起きるような,もので,、経済活動全般に悪影響を及ぼすことになる。,理由
0811M,950311045-011,22,23,輸出入の減少は血液の循環に支障が起きるような,もので,、経済活動全般に悪影響を及ぼすことになる。,理由
2051M,950311045-015,44,45,同報告では抑えたトーンでこの二つを「懸念材料」とするにとどめているが、実際は大変な,ことな,のだ。,推量
0731Q,950311045-019,32,33,自粛ムードがいつまで続くかは日本人全体の心の問題であり「景気の,ために,自粛はやめよ」とは言えない。,理由
2011M,950311046-012,40,42,今回受精卵診断を申請した医師は「胎児を診断して運が悪ければ中絶というのが嫌な,のです,」と動機を語っている。,推量
0981Q,950311046-025,48,51,鹿児島大倫理委は一年半余にわたって検討したが、委員の人選や審議内容の公開などの点で万全だった,とは言え,ない。,逆接確定
1161Q,950313029-015,20,21,無論、合理的運営さえ心がければ、現在の,ままで,それなりの役割を果たしている機関もあるのは当然だ。,付帯
0731Q,950314049-010,11,12,こうした不心得者の,ために,、大蔵省全体の権威と信用が失墜することは誠に残念である。,理由
0731Q,950314049-020,24,25,そこで顔やネットワークを広げることが、大蔵一家の,ために,なるという偏った考えが市民権を得てしまった。,理由
2701T,950314050-003,23,24,金大統領が、この問題に言及したのは初めて,のこと,だが、このことは、もしも日本が決議問題の処理を誤ったりすれば、日韓日韓間だけでなくアジア諸国の反発を招きかねないことを示唆している。,強調
0731Q,950314050-012,31,32,「不戦決議」こそ、日本がアジアの一員として今後も国際平和の,ために,努力することを表明し、アジア各国との真の和解を手に入れることにつながる道だと考える。,理由
0611Q,950314050-018,17,19,社会党は三月中に結論を出すべきだ,とし,て文案を検討中だが、連立与党内の調整は遅れており、統一地方選後に持ち込まれそうな雲行きである。,順接仮定
0612Q,950314050-018,17,19,社会党は三月中に結論を出すべきだ,とし,て文案を検討中だが、連立与党内の調整は遅れており、統一地方選後に持ち込まれそうな雲行きである。,順接確定
2051M,950315040-008,14,15,二つ目はあいさつ文が無味乾燥な,ことだ,。,推量
0611Q,950315040-020,11,13,「侵略だ、犬死にだ、,とさ,れてたまるか」との遺族の気持ちは痛いほど分かる。,順接仮定
0612Q,950315040-020,11,13,「侵略だ、犬死にだ、,とさ,れてたまるか」との遺族の気持ちは痛いほど分かる。,順接確定
1212M,950316040-008,30,33,もともと特殊法人の統廃合だけで、多くの財源を生み出すのは無理だ,ということ,は、最初から分かっている。,伝聞
0731Q,950316040-022,10,11,「総裁のクビ一つ」の,ために,、国際的な誤解をとくという時間と費用はどれくらいのものか。,理由
0611Q,950316040-030,4,6,本当だ,とし,たら由々しい話ではないか。,順接仮定
0612Q,950316040-030,4,6,本当だ,とし,たら由々しい話ではないか。,順接確定
0612Q,950316040-030,4,7,本当だ,としたら,由々しい話ではないか。,順接確定
0731Q,950316040-031,14,15,行革に対する強い姿勢を示す,ために,も、特殊法人の見直しを継続して推進するよう村山内閣に提案する。,理由
0681Q,950316041-022,10,12,公費の使途は厳正で,なければ,ならない。,順接必要
0681M,950316041-022,10,12,公費の使途は厳正で,なければ,ならない。,順接必要
1551M,950316041-022,10,16,公費の使途は厳正で,なければならない,。,当為
0681Q,950316041-023,23,25,同時に、その人や家族を支え、励ます使い方で,なければ,ならない。,順接必要
0681M,950316041-023,23,25,同時に、その人や家族を支え、励ます使い方で,なければ,ならない。,順接必要
1551M,950316041-023,23,29,同時に、その人や家族を支え、励ます使い方で,なければならない,。,当為
2661T,950318046-007,8,9,しかし、不思議な,ことに,社会党からそうした切迫した危機感は伝わってこない。,強調
0611Q,950318047-005,21,23,この単独和平で“アラブの大義”を裏切った,とし,てサダト大統領はイスラム過激派に暗殺され、エジプトはアラブ世界から孤立した。,順接仮定
0612Q,950318047-005,21,23,この単独和平で“アラブの大義”を裏切った,とし,てサダト大統領はイスラム過激派に暗殺され、エジプトはアラブ世界から孤立した。,順接確定
1111Q,950318047-023,48,52,一方、核拡散防止条約の再検討会議を来月に控えて、日本側が条約の無期限延長に応じるよう要請した,のに対し,、ムバラク大統領は「イスラエルがＮＰＴに加入しないため、不公平感を生んでいる」と指摘、現状での無期限延長には反対する立場を明らかにした。,対比
0681Q,950319031-033,9,11,なぜ与党訪朝団で,なければ,いけないのか。,順接必要
0681M,950319031-033,9,11,なぜ与党訪朝団で,なければ,いけないのか。,順接必要
1561M,950319031-033,9,15,なぜ与党訪朝団で,なければいけない,のか。,当為
0731Q,950319032-022,19,20,特にロシアは外貨獲得と軍需産業維持の,ために,、戦闘機、潜水艦、戦車、対空ミサイルまでなりふり構わぬ売り込みに出ている。,理由
1071Q,950320035-034,11,12,同じ金額でどれだけの,モノを,購入できるかを比べた購買力平価では、一ドル＝一八〇円程度の実力とされている。,想外
1071M,950320035-034,11,12,同じ金額でどれだけの,モノを,購入できるかを比べた購買力平価では、一ドル＝一八〇円程度の実力とされている。,想外
0611Q,950321033-013,50,52,地下鉄という、逃げ場のない密室にそうしたガスが仕掛けられたわけであり、そこに犯人の狙いがあった,とし,たら想像を絶する犯行と言わざるを得ない。,順接仮定
0612Q,950321033-013,50,52,地下鉄という、逃げ場のない密室にそうしたガスが仕掛けられたわけであり、そこに犯人の狙いがあった,とし,たら想像を絶する犯行と言わざるを得ない。,順接確定
0612Q,950321033-013,50,53,地下鉄という、逃げ場のない密室にそうしたガスが仕掛けられたわけであり、そこに犯人の狙いがあった,としたら,想像を絶する犯行と言わざるを得ない。,順接確定
2051M,950321033-032,27,28,多くの死者を出し、多くの遺留品がありながらどうした,ことな,のか。,推量
2661T,950321033-037,20,21,もし、未解決事件のファイルに入れるような,ことに,なれば、捜査当局の威信は地に落ちよう落ちよう。,強調
0611Q,950321034-022,15,17,しかし、融資が債権回収の目的だ,とし,ても度が過ぎれば「現実的可能性に乏しい単なる願望」という判決例もある。,順接仮定
0612Q,950321034-022,15,17,しかし、融資が債権回収の目的だ,とし,ても度が過ぎれば「現実的可能性に乏しい単なる願望」という判決例もある。,順接確定
2051M,950323030-007,45,46,捜索の光景で目を引いたのは、捜索陣の中に戦闘用防護服と防毒マスク着用の捜査員が多数いた,ことだ,。,推量
0811Q,950323030-008,13,14,どちらも防衛庁から借りた,ものだ,。,理由
0811M,950323030-008,13,14,どちらも防衛庁から借りた,ものだ,。,理由
2951P,950323030-013,23,24,捜索では、二十二十日の「地下鉄サリン事件」の,際に,検出された有機溶剤と同種のアセトニトリルが押収された、という情報がある。,状況
0811Q,950323030-023,21,22,ワゴン車はレンタル会社から借り出された,もので,、借用書類からの指紋採取が進んでいた。,理由
0811M,950323030-023,21,22,ワゴン車はレンタル会社から借り出された,もので,、借用書類からの指紋採取が進んでいた。,理由
0811Q,950324048-014,28,29,国土庁が首都圏の新規発売マンション価格を基に算出した,ものだ,が、床面積が六五平方メートルと狭い。,理由
0811M,950324048-014,28,29,国土庁が首都圏の新規発売マンション価格を基に算出した,ものだ,が、床面積が六五平方メートルと狭い。,理由
0611Q,950324048-026,34,37,だが、高騰以前の八八年ごろの水準自体がそもそも構造的なバブルを含んでいた,とすれば,どうか。,順接仮定
0611Q,950324048-026,34,36,だが、高騰以前の八八年ごろの水準自体がそもそも構造的なバブルを含んでいた,とすれ,ばどうか。,順接仮定
0612Q,950324048-026,34,37,だが、高騰以前の八八年ごろの水準自体がそもそも構造的なバブルを含んでいた,とすれば,どうか。,順接確定
0612Q,950324048-026,34,36,だが、高騰以前の八八年ごろの水準自体がそもそも構造的なバブルを含んでいた,とすれ,ばどうか。,順接確定
0731Q,950325045-006,12,13,ドルの下落を食い止める,ために,は、最低限として先進主要国の通貨当局の協調が必要だ。,理由
0811Q,950325045-022,17,18,ひと昔前は、数字がだんだん大きくなった,ものだ,。,理由
0811M,950325045-022,17,18,ひと昔前は、数字がだんだん大きくなった,ものだ,。,理由
0731Q,950325047-018,15,16,練習時間を削り、被災者仲間の,ために,清掃や荷の積み下ろしのボランティア活動もした。,理由
2051M,950326030-015,103,104,海部内閣以降、選挙の区制改革論議が高まったのは、「違憲判決」が効いたこともあったが、決定的なパンチはリクルート事件を契機として政治腐敗が国民的指弾を浴びる中で沸き上がった政治改革の柱に位置づけられた,ことだっ,た。,推量
0681Q,950326030-031,23,24,欠陥が生じれば直ちに補う努力が不断に行われ,ねば,ならないのは当然である。,順接必要
0681M,950326030-031,23,24,欠陥が生じれば直ちに補う努力が不断に行われ,ねば,ならないのは当然である。,順接必要
1551M,950326030-031,23,28,欠陥が生じれば直ちに補う努力が不断に行われ,ねばならない,のは当然である。,当為
1111Q,950327028-015,50,54,新憲法の草案作りとの関連で、ＧＨＱが地方自治体の首長や議員は直接・普通選挙で選ぶべきだと主張した,のに対し,「内務省は、地方制度の改革について極めて保守的な姿勢をとっていた。しかしＧＨＱの積極的な介入によって大幅に民主化された地方制度の選挙制が実現した」のである。,対比
1212M,950328045-022,54,57,それにしても、考えさせられるのは猛毒ガス・サリンの主要原料である「三塩化リン」が捜索で大量に見つかった,ということ,だ。,伝聞
2051M,950328045-032,6,7,もちろん結構な,ことだ,が、これだけでは違法性承知の確信犯にとってはほとんど意味を持たないであろうあろう。,推量
0811Q,950330047-004,81,82,ドイツのベルリンで行われていた米朝米朝の軽水炉支援をめぐる実務交渉が、合意を目前にしながら二十二十七日打ち切られたのも、北朝鮮のこうした外交戦術に従った,もので,あろうあろう。,理由
0811M,950330047-004,81,82,ドイツのベルリンで行われていた米朝米朝の軽水炉支援をめぐる実務交渉が、合意を目前にしながら二十二十七日打ち切られたのも、北朝鮮のこうした外交戦術に従った,もので,あろうあろう。,理由
2661T,950330047-027,41,42,軽水炉をめぐる交渉の行き詰まりは、米朝米朝高官会談での合意文書の内容をあいまいに残した,ことに,原因があるのだから、ガルーチ首席代表と姜錫柱・第一外務次官による米朝米朝高官会談を再開し、合意の具体的な詰めと妥協に知恵を絞ってほしい。,強調
0681Q,950331047-005,4,6,そうで,なければ,、重く、深い暗雲が今後、列島に垂れこめよう垂れこめよう。,順接必要
0681M,950331047-005,4,6,そうで,なければ,、重く、深い暗雲が今後、列島に垂れこめよう垂れこめよう。,順接必要
0731Q,950331047-046,13,14,「安全な日本」を取り戻す,ために,一人ひとり今、何ができるかを真摯に考えなければならない。,理由
0971C,950331048-001,13,16,「ＨＩＶに感染したから,といって,、そのことを理由に解雇してはならない」。,逆接確定
1011Q,950331048-001,11,16,「ＨＩＶに感染した,からといって,、そのことを理由に解雇してはならない」。,逆接確定
0811Q,950106001-003,68,69,武村氏と久保亘社会党書記長が昨秋以来会談を重ね、政界の第三極づくりを目指すことで原則合意したのを受け、具体的手順を話し合った,ものだ,。,理由
0811M,950106001-003,68,69,武村氏と久保亘社会党書記長が昨秋以来会談を重ね、政界の第三極づくりを目指すことで原則合意したのを受け、具体的手順を話し合った,ものだ,。,理由
0611Q,950106007-001,110,112,一昨年四月から埼玉県行田市持田三、会社役員、川崎明男さんが行方不明になった事件で、同県同県警捜査一課と行田署は五日、川崎さんの遺体を群馬県利根郡片品村で焼き、遺骨を同村の国有林内に捨てた,とし,て、埼玉県大里郡江南町江南町板井、ペットショップ「アフリカケンネル」店員で犬猫犬猫繁殖販売業、関根元と、同居の元妻元妻で同店社長、風間博子の両容疑者を死体遺棄の疑いで逮捕した。,順接仮定
0612Q,950106007-001,110,112,一昨年四月から埼玉県行田市持田三、会社役員、川崎明男さんが行方不明になった事件で、同県同県警捜査一課と行田署は五日、川崎さんの遺体を群馬県利根郡片品村で焼き、遺骨を同村の国有林内に捨てた,とし,て、埼玉県大里郡江南町江南町板井、ペットショップ「アフリカケンネル」店員で犬猫犬猫繁殖販売業、関根元と、同居の元妻元妻で同店社長、風間博子の両容疑者を死体遺棄の疑いで逮捕した。,順接確定
0981Q,950106013-011,15,18,一昨年夏の再編の一つの軸だった,とは言える,。,逆接確定
2541M,950106013-046,18,19,しかし、自民党、新進党の二極はいかがな,ものか,。,否定
2661T,950106014-001,57,58,五十嵐広三官房長官は五日夜、神奈川県知事選で共産党を除く各党が石原信雄官房副長官の擁立で合意した,ことに,ついて、記者団に「与党首脳の判断もあるだろうだろうが、石原氏は村山内閣にとって重要な人であるという考えに変わりはない」と述べ、慎重に対応する姿勢をにじませた。,強調
0971C,950106015-004,63,66,一方、五十嵐広三官房長官は同日、地元・北海道旭川市で記者団に「久保書記長は『社会党はもうダメだから新党だ』,と言って,いるようだが、新党には積極的な意味づけを考えるべきだ」と述べ、久保氏の姿勢をけん制した。,逆接確定
2951P,950106021-011,40,41,八五年五月ボンで行われた中曽根康弘・コール両首相の日本・西独首脳会談の,際に,はＣＩＡ要員もボンに出張、会談直後に中曽根氏の側近からその内容を入手する方法がとられた。,状況
0811Q,950106022-003,16,17,韓国政府関係者の話を引用した,もので,、最近、米国側から韓国政府に通告があったという。,理由
0811M,950106022-003,16,17,韓国政府関係者の話を引用した,もので,、最近、米国側から韓国政府に通告があったという。,理由
0731Q,950106024-004,45,46,この重油は昨年中に北朝鮮に送られる予定だったが、在韓在韓米軍米軍ヘリの軍事境界線越境事件の,ために,米国側が延期を要請していた。,理由
0611Q,950106074-003,42,44,「それぞれ長い歴史と必要性がある。時代の変化に応じ、今後議論の材料とすることが適当だ」,とし,、続いて日経連の永野健会長が「四つ必要だからある。皆さんの迷惑になるという声があるなら真剣に議論する」と胸を張った。,順接仮定
0612Q,950106074-003,42,44,「それぞれ長い歴史と必要性がある。時代の変化に応じ、今後議論の材料とすることが適当だ」,とし,、続いて日経連の永野健会長が「四つ必要だからある。皆さんの迷惑になるという声があるなら真剣に議論する」と胸を張った。,順接確定
1071Q,950106074-011,5,6,政、官に,モノを,言える財界になりきれるのか、存在価値を模索する財界の一年が再びスタートした。,想外
1071M,950106074-011,5,6,政、官に,モノを,言える財界になりきれるのか、存在価値を模索する財界の一年が再びスタートした。,想外
0731Q,950106076-001,30,31,メキシコのグリア外相が今週末に来日し、通貨不安乗り切りの,ために,日本の協力を要請する。,理由
0731Q,950106077-004,133,134,これを受ける形で、総選挙の時期については「懸案の政治改革関連法がまとまったのだから、世に信を問うことが必要」、「おぜん立ては整った」、「早い方が良い」と三首脳が早期解散論に傾いたのに対し、自民党支持の商工団体を抱える日本商工会議所の稲葉興作会頭は「課題を片付ける,ために,、一年ぐらい先がメド」と一線を画した。,理由
1111Q,950106077-004,87,91,これを受ける形で、総選挙の時期については「懸案の政治改革関連法がまとまったのだから、世に信を問うことが必要」、「おぜん立ては整った」、「早い方が良い」と三首脳が早期解散論に傾いた,のに対し,、自民党支持の商工団体を抱える日本商工会議所の稲葉興作会頭は「課題を片付けるために、一年ぐらい先がメド」と一線を画した。,対比
0731Q,950106082-020,10,11,ただ、途中で辞めた,ために,、年金支給額は通常より少ない。,理由
2541M,950106082-024,20,21,虎男さんは「私の身代わり校長みたいな,ものか,な」と苦笑する。,否定
0811Q,950106154-002,24,25,関西財界が「日本らしい貢献を」と提案した,もので,、大阪府、大阪市などで作る地元協力準備事務局が具体化に向けて動き出している。,理由
0811M,950106154-002,24,25,関西財界が「日本らしい貢献を」と提案した,もので,、大阪府、大阪市などで作る地元協力準備事務局が具体化に向けて動き出している。,理由
1071Q,950106154-006,18,19,光ファイバー網はＮＴＴが敷設した,ものを,利用する。,想外
1071M,950106154-006,18,19,光ファイバー網はＮＴＴが敷設した,ものを,利用する。,想外
2661T,950106158-010,61,62,ところが、この病院で通常、二人二人部屋を一人一人で使用する場合の料金は五千五千円で、一日一万円の「充電料」を計上していた,ことに,なる。,強調
0731Q,950106158-013,13,14,「取引先の信用を保つ,ために,、入院中も仕事をしなければならなかった」と話し、提示された料金を支払ったものの、「入院中の通話料でも一万円ぐらいだったのに」と怒りは収まらない。,理由
0611Q,950106164-001,57,59,福岡・南署の白紙調書偽造事件で福岡県警監察官室と捜査二課、保安課は６日、白紙調書作成などに直接関与した,とし,て、同署捜査員を虚偽公文書作成、同行使などの容疑で書類送検する。,順接仮定
0612Q,950106164-001,57,59,福岡・南署の白紙調書偽造事件で福岡県警監察官室と捜査二課、保安課は６日、白紙調書作成などに直接関与した,とし,て、同署捜査員を虚偽公文書作成、同行使などの容疑で書類送検する。,順接確定
0611Q,950106164-003,52,54,県警は懲戒免職懲戒免職も含む処分を検討してきたが、昨年末に古賀利治・同署長が「監督責任を感じた」,とし,て自殺したこともあり、処分がどの範囲まで及ぶか注目される。,順接仮定
0612Q,950106164-003,52,54,県警は懲戒免職懲戒免職も含む処分を検討してきたが、昨年末に古賀利治・同署長が「監督責任を感じた」,とし,て自殺したこともあり、処分がどの範囲まで及ぶか注目される。,順接確定
0811Q,950106168-011,63,64,ガリ総長の今回の提案は、国連権限による武力行使が事実上、紛争解決や平和維持・創造につながらないという「非武力方針」を打ち出した,ものだ,が、「安保理権限」に踏み込んだ部分もあり、今後の論議が注目される。,理由
0811M,950106168-011,63,64,ガリ総長の今回の提案は、国連権限による武力行使が事実上、紛争解決や平和維持・創造につながらないという「非武力方針」を打ち出した,ものだ,が、「安保理権限」に踏み込んだ部分もあり、今後の論議が注目される。,理由
2661T,950106169-002,88,89,渡辺氏が四日の講演で次期参院選について「社会党と連合が独占している二十二十三選挙区でも自民党から候補者を出すべきだ」と、選挙協力よりも独自候補擁立を優先する発言をした,ことに,対するもので、亀井運輸相は閣議後の懇談の席で「三党の協力を壊すような発言は許せない。河野総裁に指導をお願いした。あれは反党反党的言動だ」と厳しい調子で批判した。,強調
0611Q,950106172-001,148,150,一昨年四月に行方不明になった埼玉県行田市持田三、会社役員、川崎明男さんの死体遺棄容疑事件で、同県同県警捜査一課と行田署は六日、同県同県大里郡江南町江南町板井、犬猫犬猫繁殖販売業、関根元容疑者と元妻元妻の風間博子容疑者が遺体を焼却して灰をばらまいた,とさ,れる群馬県利根郡片品村花咲で現場検証と捜索を行うとともに、二人二人の本格的な取り調べを始めた。,順接仮定
0612Q,950106172-001,148,150,一昨年四月に行方不明になった埼玉県行田市持田三、会社役員、川崎明男さんの死体遺棄容疑事件で、同県同県警捜査一課と行田署は六日、同県同県大里郡江南町江南町板井、犬猫犬猫繁殖販売業、関根元容疑者と元妻元妻の風間博子容疑者が遺体を焼却して灰をばらまいた,とさ,れる群馬県利根郡片品村花咲で現場検証と捜索を行うとともに、二人二人の本格的な取り調べを始めた。,順接確定
0611Q,950106173-003,28,30,ロシア側は大統領官邸のある中心部を「事実上封鎖した」,とし,て戦況の優勢を強調しているが、これを完全に否定する情報もあり、ロシア側の苦戦が続いている模様だ。,順接仮定
0612Q,950106173-003,28,30,ロシア側は大統領官邸のある中心部を「事実上封鎖した」,とし,て戦況の優勢を強調しているが、これを完全に否定する情報もあり、ロシア側の苦戦が続いている模様だ。,順接確定
1121Q,950106178-002,9,12,その中で、狛犬の,代わりに,イノシシがいる京都市上京区の護王神社を取材した。,対比
2951P,950106180-026,74,75,その一つ、ＪＲ蒲田駅から徒歩１５分の「辰巳天然温泉」経営者、竹田五郎さんによると「蒲田周辺に湯脈湯脈があるらしく」、最近も川の改修工事の,際に,湯が出たという。,状況
1211D,950106184-007,40,43,このため、「大統領の延期作戦」「大統領が過熱気味の駆け引き合戦の沈静化をねらった」,といった,観測が政界を駆けめぐっ駆けめぐった。,同格
0611Q,950106185-002,45,47,大容量記憶素子である１６メガビットＤＲＡＭや６４メガビットＤＲＡＭの製造特許を侵害した,とし,て、米国の技術者と特許保護団体は五日までに、関税法三三七条に基づき、ＮＥＣなど日本の半導体メーカー四社が米国に対して行う輸出を差し止めるよう米国際貿易委員会に提訴した。,順接仮定
0612Q,950106185-002,45,47,大容量記憶素子である１６メガビットＤＲＡＭや６４メガビットＤＲＡＭの製造特許を侵害した,とし,て、米国の技術者と特許保護団体は五日までに、関税法三三七条に基づき、ＮＥＣなど日本の半導体メーカー四社が米国に対して行う輸出を差し止めるよう米国際貿易委員会に提訴した。,順接確定
0811Q,950106188-003,37,38,そのうえで紛争解決に向けた欧州連合の仲介努力を「合理的かつ建設的な,ものだ,」と評価し、米政府も支持する姿勢を表明した。,理由
0811M,950106188-003,37,38,そのうえで紛争解決に向けた欧州連合の仲介努力を「合理的かつ建設的な,ものだ,」と評価し、米政府も支持する姿勢を表明した。,理由
0731Q,950106192-003,11,12,未来志向の関係構築の,ために,は、過去の問題で日本側が言葉だけではなく、行動で示せ、との姿勢を示した。,理由
0811Q,950106199-009,30,31,雪道雪道運転のノウハウなどこの国ではいらないのか、と思った,ものだ,が、巧みな運転にはやはり秘密があった。,理由
0811M,950106199-009,30,31,雪道雪道運転のノウハウなどこの国ではいらないのか、と思った,ものだ,が、巧みな運転にはやはり秘密があった。,理由
1071Q,950106211-009,10,11,自分なりに満足のいく,ものを,書き上げたい。,想外
1071M,950106211-009,10,11,自分なりに満足のいく,ものを,書き上げたい。,想外
1071Q,950106211-015,19,20,ほかの人はどんなテーマでどのような内容の,ものを,書き上げているのだろうだろう。,想外
1071M,950106211-015,19,20,ほかの人はどんなテーマでどのような内容の,ものを,書き上げているのだろうだろう。,想外
1071Q,950106211-029,10,11,テープおこしした,ものを,一字一句落とさずに文章化したところ、四百四百字詰め原稿用紙三百三百枚を超えていた。,想外
1071M,950106211-029,10,11,テープおこしした,ものを,一字一句落とさずに文章化したところ、四百四百字詰め原稿用紙三百三百枚を超えていた。,想外
1671M,950106211-039,36,39,結局のところ、どんなテーマを選ぼう選ぼうと“生みの苦しみ”なくして論文が書ける,はずはない,。,否定
0731Q,950106214-005,24,25,販売アドバイザーである彼女は、売り上げ促進の,ために,本部から派遣されてきた。,理由
0611Q,950401039-008,18,20,五カ年計画が予定通り実行された,とし,て、内外価格差や経常黒字の縮小にどの程度の効果があるか。,順接仮定
0612Q,950401039-008,18,20,五カ年計画が予定通り実行された,とし,て、内外価格差や経常黒字の縮小にどの程度の効果があるか。,順接確定
2661T,950401040-011,73,74,朝鮮語の「歴史的」との語感には「なお生きている」との意味が込められており、北朝鮮としては、正常化交渉が三党共同宣言に縛られることを確認した,ことに,なる。,強調
0731Q,950402032-003,10,11,核拡散を食い止める,ために,、一層の国際協調と努力が必要だ。,理由
1661M,950404053-008,18,21,だが、こうした状況は、永遠に続く,わけはない,。,否定
0611Q,950404053-016,4,7,そうだ,とすれば,、それに備える必要がある。,順接仮定
0611Q,950404053-016,4,6,そうだ,とすれ,ば、それに備える必要がある。,順接仮定
0612Q,950404053-016,4,7,そうだ,とすれば,、それに備える必要がある。,順接確定
0612Q,950404053-016,4,6,そうだ,とすれ,ば、それに備える必要がある。,順接確定
0731Q,950405043-024,29,30,自らの都合だけで候補者の選定を行い、選挙を楽に戦いたいが,ために,無風に持ち込む談合を繰り返しているようでは、どんな手を講じても投票率は高くならない。,理由
